id,run_id,parent_id,text,status,depth,value_est,confidence,spent_tokens,cap_tokens,fail_streak,evidence_bytes
007b943a,7b56e756,366d7140,"What later official TfL/GLA evaluations or monitoring updates on outer London air quality after the London-wide ULEZ were published between 2025 and July 2026, for example a two-year evaluation or annual LAQN/air quality status reports? What new or revised NO2 and PM2.5 figures do they contain compared with earlier reports?",open,2,0.71999997,0,0,4364,0,0
0330f507,2aff5880,1db39de4,"What exact values and semantics does the official documentation define for the Py_mod_gil slot? Cover Py_MOD_GIL_USED, Py_MOD_GIL_NOT_USED, and the default when the slot is omitted. Cover how single-phase initialization modules declare GIL status with PyUnstable_Module_SetGIL. Cover whether the declaration guarantees thread safety and what the extension author is responsible for. Cover how the slot behaves on the default (GIL) build.",open,2,0.68,0,0,4470,0,0
0331e1ee,673b596a,324bd23d,두 보고서의 'Appendix 5 – Indexed traffic flows' 및 'Appendix 1 – Monthly average compliance rates'에 담긴 세부 수치(노후 디젤 대비 준수 차량 비율 등 fleet composition 변화)는 무엇인가?,open,2,0.8,0,4331,10805,0,0
03ac4e73,673b596a,1dcf3ba1,"2021년 10월 Inner London ULEZ 확장에 대한 TfL One Year Report(2022~2023년 발간)에 제시된 NOx·PM2.5 배출 감소량(톤, %)과 inner/central London NO2 농도 감소(%, µg/m3) 수치는 무엇인가?",open,4,0.71999997,0,0,1,0,0
03be4e31,26e9d25e,0c1b1ed3,What does the WHO Technical Report Series document for the 96th JECFA meeting state verbatim about the ADI and risk conclusion?,abandoned,2,0.7,0,6867,4913,1,0
06221afb,7b56e756,6a81d338,"What do the GLA/TfL ULEZ reports' vehicle compliance sections (e.g., Appendix 1 monthly compliance rates, Appendix 6 LEZ compliance) report specifically broken down for outer London boroughs regarding fleet composition and non-compliant vehicle share post-expansion?",abandoned,2,0.9,0.15,6376,4584,0,0
097b9307,2aff5880,1db39de4,"Does the official documentation confirm that importing a non-declaring extension automatically re-enables the GIL process-wide (not just a warning) on free-threaded 3.13, and under what conditions can this be disabled?",abandoned,2,0.7,0,0,3576,0,0
0a8e6076,e0014861,c1c895cb,"What primary-source or reproducible benchmarks exist for recall, latency, throughput, and resource usage of hybrid or vector search on PostgreSQL + pgvector and on Elasticsearch 8.x? Examples include ann-benchmarks, official vendor blog benchmarks, and pgvector release notes. What are the methodological limitations of these benchmarks?",open,1,0.55,0.4,11213,23333,0,0
0acc15ed,2aff5880,886578da,"For CPU-bound multithreaded workloads, how does throughput scale with thread count in the free-threaded 3.13 build compared with the GIL build, according to primary benchmark data and measurements published by core developers? At what thread count does the free-threaded build overtake the GIL build, and which bottlenecks limit scaling, such as contention on shared objects, reference-count contention, and deferred reference counting limitations?",open,1,0.9,0.2,8632,28000,0,0
0b56dca9,e0014861,0d1430de,"PostgreSQL 17 공식 문서에서 tsvector/tsquery, GIN/GiST 인덱스, ts_rank/ts_rank_cd, 텍스트 검색 구성(configuration)은 어떻게 정의되는가?",abandoned,2,0.9,0,0,3090,0,0
0c1b1ed3,26e9d25e,0c955271,"What did the 96th JECFA meeting (FAO/WHO, June–July 2023) conclude about aspartame? Cover whether the Acceptable Daily Intake of 0–40 mg/kg body weight was reaffirmed, the evidence evaluated, and the stated conclusion on dietary exposure risk, as given in the JECFA summary report and WHO Technical Report Series documents.",open,1,0.9,0.55,8346,28000,0,0
0c955271,26e9d25e,,"Did WHO or IARC classify aspartame as carcinogenic in 2023, and how does that hazard classification differ from JECFA's risk assessment? Use primary institutional sources.",split,0,1,0,0,140000,0,0
0cbbf8a0,673b596a,5863d2e9,Appendix 4의 outer London 도로변 PM2.5 수치는 어느 비교 시점(ULEZ 확장 전후) 기준인가?,open,4,0.6,0,0,1,0,0
0d1430de,e0014861,c1c895cb,"What hybrid search capabilities does PostgreSQL 17 provide? Cover core full-text search (tsvector/tsquery, GIN/GiST indexes, ts_rank/ts_rank_cd, text search configurations) and vector search through the pgvector extension, which is not part of core PostgreSQL. For pgvector, cover its versions compatible with PostgreSQL 17, vector/halfvec/sparsevec/bit types, HNSW and IVFFlat indexes, and distance operators. Also explain how lexical and vector queries are combined in a single SQL query. Use the official PostgreSQL docs and the pgvector repository.",split,1,0.9,0.2,7882,23333,0,0
0d6c0276,e0014861,cf065f13,Elasticsearch 8.x의 near-real-time refresh 메커니즘이 색인 후 검색 가능 시점에 어떤 지연/가시성 모델을 제공하는가?,abandoned,2,0.9,0,10777,3603,1,0
0e6b3bcb,2aff5880,b2b4f3c5,What memory overhead do CPython/faster-cpython sources attribute to immortalization of objects in the free-threaded build compared to the standard build?,abandoned,2,0.85,0.35,7606,3947,0,0
0f1e2652,26e9d25e,4ea698a2,"How does JECFA derive an Acceptable Daily Intake (ADI)? This includes point-of-departure selection (NOAEL or benchmark dose), application of uncertainty/safety factors, and the alternative approach for genotoxic carcinogens where no ADI is set (e.g., margin of exposure).",open,2,0.68,0,0,4534,0,0
100acfa8,e0014861,0a8e6076,"Elastic(엘라스틱) 공식 블로그 또는 문서가 Elasticsearch 8.x의 벡터/하이브리드 검색에 대해 recall, latency, throughput, 리소스 사용량을 보고한 사례가 있는가?",abandoned,2,0.8,0,0,2424,0,0
10b443a6,673b596a,3f20c646,ULEZ 확장 구역 외곽 인접 지역(outside the zone)에서 대기오염 수치 변화를 측정한 연구가 존재하는가?,open,2,0.9,0.65,7872,11502,0,0
11e25c57,e0014861,9cfbdf6b,"PostgreSQL에서 수동 SQL로 하이브리드 융합을 구현하는 대표 패턴은 무엇인가? 세부 항목은 다음과 같다. 첫째, CTE와 FULL OUTER JOIN 및 1/(k+rank)를 사용한 RRF와 그 k 값 관례. 둘째, 가중 선형 결합에서 BM25 계열 점수와 벡터 거리의 스케일 정규화 방법. 셋째, 성능상 고려사항. 넷째, 애플리케이션 측 cross-encoder나 pgml, pgai 같은 확장을 이용한 reranking 패턴.",open,2,0.68,0,0,3861,0,0
1282032a,9a86f307,2ee23efe,국가 시장감시당국(MSA)과 Commission의 집행 권한 간 역할 분담은 2026-08-02 이후 어떻게 작동하는가?,open,2,0.3,0,0,3613,0,0
1357bd2b,2aff5880,3391cf45,"pybind11과 PyO3 프로젝트의 GitHub 이슈/릴리스 노트에서 free-threaded Python 지원(Py_mod_gil, nogil 빌드 호환) 관련 공식 진행 상황은 무엇인가?",abandoned,2,0.7,0,0,4346,0,0
13a6a36b,9a86f307,3e4bc8f4,유럽위원회 또는 AI Office가 발표한 공식 가이드라인·FAQ에서 Article 111(3) 경과규정과 2027-08-02 준수 기한을 명시적으로 언급한 문서가 있는가?,abandoned,2,0.9,0,6894,2889,1,0
13ff5f6e,26e9d25e,4e30a5d1,IARC 또는 JECFA가 Ramazzini Institute의 설치류 발암성 연구에 대해 구체적으로 어떤 연구 설계·보고상의 결함을 지적했는가?,abandoned,2,0.7,0,0,3397,0,0
14c36467,673b596a,d0a2aedd,두 보고서(Six Month vs One Year)의 Outer London 경계 지역 교통량 변화 수치가 시간에 따라 어떻게 달라졌는가?,open,4,0.5,0,0,1,0,0
14ce87da,26e9d25e,20139672,"What are the bibliographic details and key wording of the Lancet Oncology summary of IARC Monographs Volume 134 (authors, publication date, DOI/title)? Does its wording about the aspartame classification and evidence ratings differ from the IARC/WHO press release?",open,2,0.76,0,0,4837,0,0
15c7df36,7b56e756,9b4be98e,ULEZ 확대 효과를 추정한 연구들이 보고한 효과크기(effect size)와 신뢰구간은 구체적으로 무엇인가?,abandoned,2,0.9,0,0,4657,1,0
1608ddf5,673b596a,d0a2aedd,"보고서는 ULEZ 경계 바로 바깥의 인접 카운티(서리, 켄트, 하트퍼드셔, 에식스 등) 도로에서 우회 또는 교통 전이(displacement) 증거를 발견했는지, 그리고 이를 어떤 수치로 제시하는가?",open,4,0.71999997,0,0,1,0,0
1666038d,673b596a,1dcf3ba1,"TfL London-wide ULEZ One Year Report(2025)의 'NOX emission impacts' 섹션(47페이지)에 기재된 ULEZ 확장에 따른 NOx 배출 감소 구체적 수치(%, 톤, µg/m3 등)는 무엇인가?",abandoned,4,0.9,0.4,9309,1,0,0
16e089ad,e0014861,0d1430de,"Based on the pgvector GitHub repository (README, CHANGELOG.md, tags), which pgvector versions support PostgreSQL 17? From which version was PostgreSQL 17 officially supported, and what is the latest stable release? What are the extension installation steps (CREATE EXTENSION vector) and the PostgreSQL version requirements?",open,2,0.71999997,0,0,3862,0,0
17703744,e0014861,0d1430de,"According to the official PostgreSQL 17 documentation (12.9 Preferred Index Types for Text Search, 12.3.3 Ranking Search Results), what are the trade-offs between GIN and GiST indexes for tsvector in terms of lossiness, build/update speed, and lookup performance? What are the differences between ts_rank and ts_rank_cd, including the cover density concept? How do the normalization options and setweight-based weights (A/B/C/D) work?",open,2,0.71999997,0,0,3862,0,0
1960e156,7b56e756,cd9702e6,"What specific confounders (national fleet turnover, post-COVID trend recovery, weather, fuel prices) does TfL's London-wide ULEZ one-year report explicitly acknowledge or attempt to control for in its methodology?",abandoned,2,0.75,0.1,4620,4193,0,0
1a16b1c8,673b596a,c8db9820,PMC 논문(2023 확장 분석)의 PM2.5에 대한 2019 ULEZ와 2023 확장 각각의 구체적 수치 비교는 무엇인가?,open,3,0.4,0,0,194,0,0
1bc5f2ee,9a86f307,b33595f8,Article 113이 Article 78(기밀유지)의 적용 개시일을 어떻게 별도로 규정하는가?,open,2,0.6,0,0,2658,0,0
1ce5e0a6,673b596a,d0a2aedd,"해당 보고서는 Outer London 경계 지역(경계를 가로지르거나 경계 인근 도로)의 교통량 변화를 확장 전 기준 대비 몇 퍼센트로 보고하며, 경계 안쪽과 바깥쪽 도로의 수치는 어떻게 다른가?",open,4,0.71999997,0,0,1,0,0
1db39de4,2aff5880,886578da,"What compatibility requirements and mechanisms do Python project documents (the C API extension porting guide, PEP 703) define for C extensions on the free-threaded 3.13 build? Specifically: the separate ABI tag (cp313t), Limited API and stable ABI support, the Py_mod_gil slot, the behavior of automatically re-enabling the GIL when a non-declaring extension is imported, and the PYTHON_GIL environment variable and -X gil option.",split,1,0.85,0.35,10117,28000,0,0
1dcf3ba1,673b596a,c8db9820,"TfL(또는 TfL이 위탁한 HealthLumen 보고서)의 ULEZ 확장에 따른 NOx/PM2.5 감소 공식 추정치(구체적 수치, % 또는 µg/m3)는 무엇인가?",split,3,0.9,0.1,6350,194,0,0
1f4e63af,9a86f307,81805750,"2025년 2월 2일 시행 시점에 이미 시장에 출시된 GPAI 모델 제공자가 제4조·제5조상 구체적으로 어떤 행위 의무(예: 직원 AI 리터러시 확보, 금지관행 미실시 증빙)를 지는지 구체 사례나 공식 해석이 있는가?",open,2,0.6,0,0,2058,0,0
1fbff0a1,2aff5880,b2b4f3c5,"What memory usage overhead does official Python documentation or a faster-cpython benchmark report for the free-threaded 3.13 build, and does it attribute that overhead to the mimalloc allocator or the larger object header?",open,2,0.75,0,0,3282,0,0
20139672,26e9d25e,0c955271,"What exactly did IARC conclude about aspartame in July 2023 (Monographs Volume 134)? Identify the Group assigned (e.g., Group 2B 'possibly carcinogenic to humans'), the cancer type cited (e.g., hepatocellular carcinoma), and the strength-of-evidence ratings for human, animal, and mechanistic evidence, as stated in the IARC/WHO press release and the Lancet Oncology summary.",split,1,0.95,0.5,8650,28000,0,0
22be10d0,2aff5880,3391cf45,Cython 프로젝트의 공식 문서/릴리스 노트에서 free-threaded 빌드 호환성에 대한 진행 상황은 어떻게 기술되어 있는가?,abandoned,2,0.7,0,0,4346,0,0
231ad901,673b596a,ed76b499,"What specific quantitative changes in roadside NO2 and PM2.5 concentrations in outer London does the GLA's March 2025 One Year Report report (e.g., in its 'ULEZ impact analysis' and 'Appendix 4 – Air quality concentrations results' sections)?",open,2,0.9,0.1,4842,10069,0,0
253c6353,673b596a,10b443a6,PMC 연구에서 'Inner/Outer London'이 2023년 확장 전/후 기준으로 'outside the zone'에 해당하는지 공간적 정의를 확인할 수 있는가?,open,3,0.6,0,0,907,0,0
267fae2b,e0014861,9cfbdf6b,"Elasticsearch의 하이브리드 검색 랭킹 기능별 라이선스 티어와 도입 버전은 무엇인가? 대상은 RRF retriever, weighted RRF, linear retriever, text_similarity_reranker, semantic reranking을 위한 Inference API 사용, 그리고 boosting, function_score, rescore이며, 각각 Free/Basic, Platinum, Enterprise 중 어디에 해당하는지 확인한다. Elastic 공식 subscription 페이지와 릴리스 노트를 근거로 한다.",open,2,0.68,0,0,3861,0,0
28be34cc,9a86f307,5334b31f,"Article 52에 따른 제공자의 통보 및 지정 절차는 무엇인가? 기준 충족 또는 충족 예상 시점부터 2주 이내 통보 의무, 시스템적 위험이 없다는 반박 논거 제출과 집행위원회의 수용·거부 결정, 지정 해제 재평가 요청 절차, 시스템적 위험 모델 목록 공개를 중심으로 조사하라.",open,2,0.68,0,0,2142,0,0
28d2954b,26e9d25e,4e30a5d1,JECFA가 아스파탐의 1일 섭취 허용량(ADI)을 재확인하면서 언급한 추가 불확실성(예: 특정 하위집단에 대한 자료 부족)은 무엇인가?,open,2,0.4,0,0,3397,0,0
29aac77c,e0014861,cf065f13,Elasticsearch primary/replica 복제 모델이 read-after-write 보장(또는 비보장)에 어떤 영향을 미치는가?,abandoned,2,0.85,0,0,3603,0,0
29dc0598,e0014861,0a8e6076,"ann-benchmarks.com/pgvector.html 페이지의 벤치마크 방법론(데이터셋, 하드웨어, recall@k 정의, 단일/다중 스레드 여부)은 무엇이며 Elasticsearch 8.x와 동일 조건으로 비교 가능한 결과가 존재하는가?",abandoned,2,0.7,0,0,2424,0,0
2d47e52b,7b56e756,e6947c06,"런던 경계 인근 자치구(예: Surrey, Hertfordshire 등) 지방정부나 독립 기관이 2023 ULEZ 확장에 따른 경계 외 교통량 증가(스필오버)를 자체적으로 측정·보고한 적이 있는가?",open,2,0.7,0.2,3872,4416,0,0
2d9334e5,e0014861,d7a1b2eb,"In which Elasticsearch 8.x minor versions were the vector search APIs introduced and changed? Cover the _knn_search endpoint and its deprecation, the top-level knn option in _search, the knn query DSL, num_candidates/k semantics, filtering, the similarity threshold, nested/multi-vector kNN, and hybrid search with RRF. Include the tech preview and GA status of each.",open,2,0.71999997,0,0,3803,0,0
2ee23efe,9a86f307,80926792,GPAI 모델 제공자에 대한 Commission의 집행 권한과 과징금(Article 101)은 언제부터 적용되는가? 2026-07-19 시점에는 의무 적용과 집행·제재 사이에 어떤 차이가 있는가?,resolved,1,0.8,0.85,9161,20000,0,0
2efff2a2,e0014861,9cfbdf6b,PostgreSQL에서 RRF와 weighted fusion을 수동 SQL로 구현하는 일반적인 패턴은 무엇인가?,abandoned,2,0.85,0,0,3088,0,0
2f7cac51,7b56e756,e6947c06,"TfL London-wide ULEZ One Year Report(2025)의 'Traffic around the London-wide ULEZ boundary' 절(88-90쪽)이 2023년 확장 이후 경계 바로 바깥 지역의 교통량·통행 패턴 변화에 대해 구체적으로 무엇을 보고하는가, 그리고 사용된 방법론(지표, 비교 기간, 식별 전략)은 무엇인가?",abandoned,2,0.9,0,0,4416,0,0
2fbb0a9e,2aff5880,0acc15ed,free-threaded 빌드가 GIL 빌드 처리량을 추월하는 정확한 스레드 수(threshold)는 core developer 측정에서 몇으로 보고되는가?,abandoned,2,0.85,0,0,3873,0,0
30b40087,e0014861,0a8e6076,"ann-benchmarks 프로젝트가 자체적으로 문서화한 방법론적 한계(하드웨어 정규화, 데이터셋 대표성, 재현성 등)는 무엇인가?",investigating,2,0.6,0,0,2424,0,0
31103ac2,26e9d25e,4e30a5d1,"IARC와 JECFA가 각각 공식 문서에서 권고한 향후 연구 방향(예: 코호트 설계 개선, 기전 연구, 노출 측정 방법)은 구체적으로 무엇인가?",abandoned,2,0.6,0,0,3397,0,0
3242ae3b,9a86f307,58559a7b,"Digital Omnibus 외에 2026-07-19 이전에 채택되었거나 발효된 다른 공식 EU 조치가 GPAI 의무의 내용이나 적용일에 영향을 주었는가? 대상에는 AI Act 정정(corrigendum), 위임법·이행법(예: 제52조 시스템적 위험 기준 조정, 부속서 XI·XII 개정, Code of Practice 승인 이행법), AI Office 집행 관련 Commission 결정이 포함된다.",open,2,0.6,0,0,5000,0,0
324bd23d,673b596a,d434a5cd,"What changes in traffic volume, vehicle kilometres travelled, vehicle compliance rates, and fleet composition (older diesel vs. compliant vehicles) were measured in official data after the 2023 ULEZ expansion, and how large were they?",open,1,0.8,0.15,5973,60000,0,0
3255abf1,9a86f307,3e4bc8f4,GPAI 모델에 대한 일반 의무 발효일(2025-08-02)과 기존 모델에 대한 경과규정 기한(2027-08-02) 사이의 차이를 명시한 1차 법령 또는 공식 해설 자료가 있는가?,abandoned,2,0.8,0,0,2889,0,0
333c9de8,26e9d25e,4e30a5d1,"JECFA가 NutriNet-Santé 코호트 연구에 대해 구체적으로 제기한 방법론적 우려(노출 분류, 자가보고 식이 데이터 등)는 무엇인가?",abandoned,2,0.7,0,0,3397,0,0
3391cf45,2aff5880,886578da,"As of the CPython 3.13 period, how far have major third-party packages and build tools (for example NumPy, Cython, pybind11, PyO3, and packaging tools such as pip, cibuildwheel, and setuptools) progressed in supporting free-threaded wheels and thread safety, based on official package release notes and the py-free-threading compatibility tracker?",open,1,0.75,0.15,6268,28000,0,0
340a5102,2aff5880,1db39de4,"How does the official documentation (porting guide, PEP 703, CPython docs) describe the mechanism that automatically re-enables the GIL when an extension that does not declare Py_mod_gil is imported? Exclude the warning message already observed in the Triton case. Cover when the decision is made (at import time), whether it applies process-wide, and its interaction with threads that are already running. Cover how to check the runtime state, for example with sys._is_gil_enabled().",open,2,0.68,0,0,4470,0,0
34235c65,673b596a,d0a2aedd,GLA 'London-wide ULEZ One Year Report'(2025년 3월) 88페이지 'Traffic around the London-wide ULEZ boundary' 섹션의 실제 교통량 변화 수치는 무엇인가?,open,4,0.9,0,0,1,0,0
3518fe5c,673b596a,1dcf3ba1,TfL London-wide ULEZ Six Month Report(2024)의 'NOX emissions impacts'(43페이지) 및 'PM2.5 emissions impacts'(44페이지) 섹션에 기재된 구체적 수치는 무엇인가?,open,4,0.7,0,0,1,0,0
35b3d25f,9a86f307,5334b31f,"Article 55가 시스템적 위험을 가진 GPAI 모델 제공자에게 부과하는 추가 의무의 구체적 내용은 무엇인가? 표준화된 프로토콜·최신 기술 수준에 따른 모델 평가, 적대적 테스트 수행·문서화, EU 차원의 시스템적 위험 평가·완화, 중대사고 및 시정조치를 AI Office와 국가 당국에 지체 없이 보고할 의무, 모델과 물리적 인프라의 사이버보안 보호를 조사하라. 관련 정의(Article 3의 '시스템적 위험', '중대사고')와 모든 GPAI 제공자에게 적용되는 Article 53·54 기본 의무와의 관계도 포함하라.",open,2,0.68,0,0,2142,0,0
360489b7,26e9d25e,0c1b1ed3,"What does the full JECFA summary of findings (second half, covering JECFA's own section) state about dietary exposure assessment and risk conclusions?",abandoned,2,0.75,0,0,4913,0,0
366d7140,7b56e756,693906be,What changes in roadside NO2 and PM2.5 concentrations in outer London since the August 2023 ULEZ expansion do official GLA/TfL monitoring reports and evaluations document through July 2026? How do they separate these changes from a modelled 'without ULEZ' counterfactual?,split,1,0.9,0.35,10544,28000,0,0
37517442,26e9d25e,20139672,The Lancet Oncology의 IARC Monograph Volume 134 요약 논문에서 인간·동물·메커니즘 근거 등급을 각각 어떻게 명시했는가?,abandoned,2,0.7,0,0,6450,0,0
3752f9d5,673b596a,0331e1ee,질문에서 언급된 '두 보고서'가 구체적으로 어떤 기관/제목의 보고서인지 (예: 저배출구역 LEZ/ULEZ 또는 congestion charge 관련 compliance 보고서),open,3,0.9,0,0,1618,0,0
38bf1cd5,e0014861,0d1430de,"Based on the pgvector repository README and CHANGELOG, what are the definitions of the vector, halfvec, sparsevec, and bit types? Cover the storage format and precision of each, the maximum storable dimensions versus the maximum indexable dimensions, the pgvector version in which each type was introduced, and the sparsevec input format.",open,2,0.71999997,0,0,3862,0,0
38e2f029,7b56e756,e6947c06,"University of Birmingham(npj Clean Air) 연구가 대기오염 농도 확산을 분석한 방법론이 교통량·통행 데이터가 아닌 대기질 모델링에 기반함을 확인하고, 이 연구가 교통 흐름/통행 패턴 질문에 직접 적용 가능한지 범위를 명확히 할 수 있는가?",open,2,0.5,0,0,4416,0,0
39105a86,e0014861,d7a1b2eb,"Which vector quantization options does Elasticsearch 8.x provide for dense_vector index_options, and in which minor versions were they introduced or made default/GA? Cover int8_hnsw, int4_hnsw, bbq_hnsw, and the flat variants (int8_flat, int4_flat, bbq_flat), plus oversampling/rescoring support.",open,2,0.71999997,0,0,3803,0,0
3e4bc8f4,9a86f307,80926792,"2025-08-02 이전에 시장에 출시된 GPAI 모델에 대한 경과규정(Article 111(3))은 무엇이며, 해당 모델의 제공자는 언제까지 의무를 준수해야 하는가? 이로 인해 2026-07-19 기준 '적용 중'인 의무와 '준수 기한 미도래' 의무를 어떻게 구분해야 하는가?",open,1,0.8,0.1,5554,20000,0,0
3f20c646,673b596a,d434a5cd,"What evidence exists on spatial spillover effects of the 2023 expansion, such as traffic displacement and pollution changes at the London boundary and in neighbouring areas outside the zone? Are there spillover effects that could bias causal estimates?",open,1,0.65,0.1,2490,60000,0,0
3fd69f08,7b56e756,9b4be98e,"King's College London, Imperial College London 등 런던 대기질 모니터링 기관이 ULEZ 확대 전후 NO2/PM2.5 추세에 대해 발표한 보고서가 있는가, 그리고 이는 준실험적 통계설계를 사용했는가?",investigating,2,0.7,0,0,4657,0,0
4071f13e,673b596a,df6cd9f1,TfL ULEZ 1년 보고서 87쪽 'Traffic Method' 절 전문은 무엇인가?,split,3,0.9,0.1,4225,1037,0,0
41981a86,9a86f307,df779aa6,"Article 54에 따라 제3국에 설립된 GPAI 모델 제공자가 수권대리인을 지정해야 하는 요건과 수권대리인의 권한·임무는 무엇인가? 서면 위임 요건, 기술문서 보관 기간(10년), AI Office 협력 및 정보 제공 의무, 제공자 의무 위반 시 위임 종료와 AI Office 통보 의무를 포함한다.",open,2,0.68,0,0,5000,0,0
4208d138,2aff5880,59f3996e,"What's New in Python 3.13 공식 문서는 free-threaded 빌드의 알려진 제한사항(내장 타입 스레드 안전성, iterator/generator 공유 문제, JIT 미지원)을 어떻게 기술하는가?",abandoned,2,0.9,0.2,5484,3742,0,0
465ff6a0,673b596a,e0b8a82a,TfL 보고서는 전국 차량 플릿의 자연적 노후화(euro 표준 교체)가 ULEZ 준수율 상승에 기여한 비율을 별도로 추정하는가?,open,2,0.7,0,0,11099,0,0
46aafc7e,9a86f307,58559a7b,"Commission의 Digital Omnibus(AI Act 개정 제안, 2025년 11월 발표)는 GPAI 제공자 의무의 내용이나 적용일을 어떻게 변경하자고 제안했는가? 또한 2026-07-19 이전까지 이 제안이 Council 일반접근, 유럽의회 입장 채택, 3자협상 합의, 최종 채택, 관보 게재, 발효 중 어느 단계까지 진행되었는가? 공식 문서번호와 날짜를 근거로 확인하라.",open,2,0.6,0,0,5000,1,0
488135df,673b596a,a17da01c,"후보 ULEZ 1년 보고서 원문 PDF의 공식 다운로드 URL은 무엇인가? london.gov.uk 및 content.tfl.gov.uk 같은 정적 문서 경로를 대상으로 하며, tfl.gov.uk 메인·지도·도움말 페이지는 제외한다.",open,4,0.71999997,0,0,1,0,0
4a42238e,e0014861,0d1430de,"pgvector가 제공하는 거리 연산자(distance operators, 예: <->, <#>, <=>)는 각각 무엇을 의미하는가?",abandoned,2,0.8,0,0,3090,0,0
4aeced13,7b56e756,9b4be98e,Transport for London(TfL)이 발표한 ULEZ 확대 평가 보고서의 방법론은 무엇이며 준실험 설계로 분류될 수 있는가?,open,2,0.5,0,0,4657,0,0
4c16f0ce,26e9d25e,4ea698a2,"How do IARC Monographs classify agents into groups (1, 2A, 2B, 3) and what methodological criteria (weight-of-evidence) are used, per the Preamble?",abandoned,2,0.6,0,0,3627,2,0
4cdff161,673b596a,3f20c646,유사한 저배출구역(LEZ/CAZ) 정책에서 경계 효과(boundary displacement effect)를 분석한 영국 또는 유럽 사례가 있는가?,open,2,0.5,0,0,11502,1,0
4d872240,9a86f307,df779aa6,"EU AI Act Article 53(1)(a)·(b)의 기술문서(Annex XI) 작성 의무와 하류 제공자용 정보 제공 의무(Annex XII)는 구체적으로 어떤 항목을 담아야 하는가? AI Office·국가 감독당국 제출 요건, 최신 상태 유지 의무, 하류 제공자의 법적 의무 이행을 위한 정보 범위, 영업비밀·지식재산 보호와의 관계를 포함한다.",open,2,0.68,0,0,5000,0,0
4dea7f9a,673b596a,afa1cd3c,Did any peer-reviewed causal inference study quantify traffic volume or vehicle count changes specifically attributable to the 2023 ULEZ expansion (as opposed to air pollution concentrations)?,open,2,0.7,0,0,12675,0,0
4e30a5d1,26e9d25e,0c955271,"What are the limitations and remaining uncertainties both bodies identified in the aspartame evidence base? Include IARC's reasons for rating the human evidence as 'limited', any concerns JECFA raised about specific studies (e.g., the NutriNet-Santé cohort and Ramazzini Institute rodent studies), and the further research both bodies recommended.",open,1,0.65,0.5,11012,28000,0,0
4e9e202e,9a86f307,58559a7b,"Commission의 GPAI 제공자 의무 범위에 관한 가이드라인(2025년 7월)과 AI Office의 공식 FAQ/Q&A는 GPAI 의무의 적용일을 어떻게 확인하고 해석하는가? 2025-08-02 적용 개시, 2026-08-02부터의 집행·과징금, 기존 모델의 2027-08-02 유예, 수정(fine-tuning) 제공자의 취급, 초기 협력 기간 관련 서술을 중심으로 확인하라.",open,2,0.6,0,0,5000,0,0
4ea698a2,26e9d25e,0c955271,"How do the IARC Monographs Programme and JECFA differ in mandate and methodology? Specifically, how does IARC's hazard identification (whether an agent can cause cancer under any circumstances) differ from JECFA's risk assessment (probability of harm at given exposure levels, ADI setting), according to the IARC Preamble and JECFA/WHO procedural documents?",split,1,0.85,0.5,9861,28000,0,0
4f5faaf7,e0014861,0d1430de,pgvector가 지원하는 vector/halfvec/sparsevec/bit 타입과 HNSW/IVFFlat 인덱스는 공식 문서에서 어떻게 설명되는가?,abandoned,2,0.9,0,0,3090,0,0
51aaa55a,2aff5880,b2b4f3c5,"What overall pyperformance slowdown, as a geometric mean percentage, do the faster-cpython team's published benchmark results (github.com/faster-cpython/benchmarking-public) report for the CPython 3.13 free-threaded build compared with the default build?",abandoned,2,0.85,0,0,3282,0,0
52363fcb,26e9d25e,5b245c20,WHO/JECFA Q&A 또는 보도자료에서 ADI를 초과하는 예시 섭취량(예: 다이어트 음료 캔 개수)을 어떻게 구체적으로 제시했는가?,investigating,2,0.9,0.1,4946,5090,0,0
531995ca,673b596a,a17da01c,TfL ULEZ Annual Report PDF 내 'Data sources and methodology' 절이 몇 쪽에 위치하는가?,open,4,0.8,0,0,1,0,0
5334b31f,9a86f307,80926792,"시스템적 위험을 가진 GPAI 모델의 분류 기준과 제공자 통보 의무(Article 51, 52) 및 추가 의무(Article 55: 모델 평가, 적대적 테스트, 위험 완화, 중대사고 보고, 사이버보안)는 무엇이며, 이 의무들은 언제부터 적용되는가?",split,1,0.85,0,11432,20000,0,0
5430bef2,673b596a,4071f13e,해당 보고서의 PDF 원문 87쪽에 접근 가능한 URL은 무엇인가?,open,4,0.9,0,7787,1,0,0
555be434,2aff5880,0acc15ed,reference-count contention 및 deferred reference counting(biased reference counting)이 스케일링을 제한하는 정도에 대한 core developer의 정량적 측정이나 분석이 있는가?,abandoned,2,0.8,0,0,3873,0,0
5709dc1b,26e9d25e,5b245c20,WHO 기자회견이나 공식 Q&A에서 '적당한 섭취(moderate consumption)'가 안전하다는 지침을 정확히 어떤 문구로 전달했는가?,open,2,0.85,0.1,3032,5090,0,0
58559a7b,9a86f307,80926792,"2026-07-19 이전에 채택되었거나 발효된 공식 EU 개정안이나 조치(예: Digital Omnibus 관련 AI Act 개정 제안·채택 여부)가 GPAI 제공자 의무의 내용이나 적용일을 변경했는가? 또한 Commission의 GPAI 가이드라인, GPAI Code of Practice, 학습 데이터 요약 템플릿 등 공식 이행 문서는 이러한 적용일을 어떻게 확인·해석하는가?",split,1,0.75,0,0,20000,0,0
5863d2e9,673b596a,231ad901,GLA March 2025 One Year Report의 'Appendix 4 – Air quality concentrations results' 섹션(190페이지 부근)에서 outer London 도로변 PM2.5 농도 변화 수치는 무엇인가?,open,3,0.9,0.1,4794,1306,0,0
58e3bed4,673b596a,865bdcfe,ULEZ 경계부 인접 자치구(예: Outer London 외곽 도로)의 교통량 데이터를 공개하는 공공 데이터셋(TfL Open Data)이 존재하는가?,open,3,0.5,0,0,882,0,0
595ed879,673b596a,d0a2aedd,"경계 지역 교통량 변화 산출에 사용된 방법론(ANPR 카메라·자동교통계수기 등 데이터 출처, 기준 기간, 비교 기간, 계절성·외부요인 보정 방식)은 무엇인가?",open,4,0.71999997,0,0,1,0,0
59f3996e,2aff5880,886578da,"How do Python project documents (PEP 703's acceptance conditions and phased rollout plan, the Steering Council announcement, What's New in 3.13, and the official installer and distribution policy) define the production readiness of free-threaded 3.13? Cover its experimental status, known limitations and bugs (for example thread-safety guarantees of built-in types, iterator and generator sharing issues, and missing JIT support), and the stabilization roadmap for 3.14 and later (for example PEP 779).",open,1,0.8,0.4,9289,28000,0,0
5a9bd2a3,673b596a,ed76b499,"Does the PMC12545172 study report outer-London-specific (as opposed to London-wide) NO2/PM2.5 results for the 2023 ULEZ expansion, and what counterfactual or weather-normalisation methods did its causal framework use?",open,2,0.7,0,0,10069,0,0
5adf9b79,26e9d25e,20139672,"What are the exact date, title, and key quoted wording of the IARC/WHO joint press release on aspartame? For example: the release date in July 2023; the phrasing on hepatocellular carcinoma and 'limited evidence'; the description of the evidence categories; and statements by officials such as Mary Schubauer-Berigan or Francesco Branca.",open,2,0.76,0,0,4837,0,0
5b157556,673b596a,4071f13e,'Traffic Method' 절이 포함된 섹션(장)의 제목과 전체 구조는 무엇인가?,open,4,0.5,0,0,1,0,0
5b245c20,26e9d25e,0c955271,"How did WHO officially frame the relationship between the two concurrent 2023 evaluations? Cover joint WHO/IARC/FAO statements, Q&A documents, and press-conference remarks that explain consumer implications, such as the example intake amount at which the ADI would be exceeded and WHO's guidance on moderate consumption.",open,1,0.75,0.45,7638,28000,0,0
5dba09f1,673b596a,f9e64129,"TfL ULEZ 1-year report에서 'compliance rate' 또는 'per cent compliant'로 언급된 수치가 Key Findings 섹션(6페이지)에 등장하는가, 아니면 다른 섹션(예: Vehicle compliance, p.23)에 등장하는가?",open,4,0.5,0,0,1,0,0
5e286654,673b596a,ed76b499,"Are there any TfL/GLA-commissioned independent evaluations (separate from the GLA's own One Year Report) of the 2023 ULEZ expansion published between 2023 and July 2026, and what did they find for outer London?",open,2,0.8,0,0,10069,0,0
6259226a,e0014861,cf065f13,근사(ANN) 검색과 정확(exact) 검색 간의 정확도-일관성 트레이드오프에 대해 pgvector 및 Elasticsearch(kNN) 공식 문서가 각각 무엇을 명시하는가?,abandoned,2,0.85,0,0,3603,0,0
643c255a,673b596a,afa1cd3c,"What specific causal inference method (e.g., difference-in-differences, synthetic control, ML weather-normalisation) did the PMC12545172 study use to estimate the 2023 ULEZ expansion's null NO2 effect, and what were the confidence intervals or statistical power reported?",open,2,0.6,0,0,12675,0,0
6876fa65,9a86f307,5334b31f,"EU AI Act Article 51은 GPAI 모델을 '시스템적 위험을 가진 모델'로 분류하는 기준을 어떻게 정하는가? 고영향 역량(high-impact capabilities)의 정의, 누적 학습 연산량 10^25 FLOPs 추정 기준, Annex XIII 기준에 따른 집행위원회 직권 지정, 위임법률을 통한 임계값·벤치마크 개정 권한을 중심으로 조사하라.",open,2,0.68,0,0,2142,0,0
68a33f9c,2aff5880,0acc15ed,공유 객체(shared object) contention이 free-threaded 빌드의 스케일링을 제한하는 구체적 사례와 수치는 무엇인가?,abandoned,2,0.65,0,0,3873,0,0
693906be,7b56e756,,"What measured effects did London's 2023 ULEZ expansion have on roadside air pollution and traffic by July 2026, and which findings support causal attribution rather than simple association? Use official evaluations and peer-reviewed research.",split,0,1,0,0,140000,0,0
6974a03f,673b596a,10b443a6,런던 외 다른 LEZ/ULEZ 정책(해외 도시)에서 구역 외곽 지역의 대기질 변화를 측정한 연구가 존재하는가?,open,3,0.3,0,0,907,0,0
6a81d338,7b56e756,693906be,"What changes in traffic volumes, vehicle kilometres, compliance rates, and fleet composition (e.g., the share of non-compliant vehicles) in outer London do official TfL, GLA, and DfT data report after the 2023 ULEZ expansion?",open,1,0.85,0.2,9664,28000,0,0
6b079906,2aff5880,1db39de4,"What do the porting guide and PEP 703 themselves say about Limited API and stable ABI (abi3) support on free-threaded 3.13? Do not re-establish PEP 803's statement that the stable ABI is unavailable. Focus on three points: whether existing abi3 wheels can be loaded on the free-threaded build, what the official documents recommend as an alternative, and what plans or conditions they give for future support.",open,2,0.68,0,0,4470,0,0
6b443912,673b596a,1dcf3ba1,"TfL이 위탁한 HealthLumen 보고서 원문에서 ULEZ 확장에 따른 NOx 및 PM2.5 농도 감소 공식 추정치(%, µg/m3)는 무엇인가?",open,4,0.85,0,0,1,0,0
6c6eca2e,e0014861,9cfbdf6b,"Elasticsearch linear retriever와 RRF retriever의 세부 튜닝 파라미터는 무엇이며 점수는 어떻게 계산되는가? 대상 파라미터는 weight, normalizer(minmax, l2_norm 등), rank_constant, rank_window_size, min_score이다. text_similarity_reranker의 rank_window_size, inference_id, field, min_score 동작과 retriever 중첩(nesting) 방식도 포함한다.",open,2,0.68,0,0,3861,0,0
6ce8ba26,7b56e756,366d7140,What do later GLA/TfL annual or multi-year monitoring reports (2024-2026) document about outer London roadside NO2 and PM2.5 trends relative to the 'without ULEZ' counterfactual?,abandoned,2,0.9,0.15,5202,3491,0,0
6e98d00f,673b596a,d0a2aedd,"GLA 'London-wide ULEZ Six Month Report'(2024년 7월) 66페이지 'Traffic around the London-wide ULEZ boundary' 섹션의 실제 교통량 변화 수치(%, 대수 등)는 무엇인가?",open,4,0.9,0.1,3651,1,0,0
708f602c,673b596a,0331e1ee,'Appendix 5 – Indexed traffic flows'와 'Appendix 1 – Monthly average compliance rates'라는 제목을 포함하는 원문 PDF/문서의 URL은 무엇인가,open,3,0.9,0,0,1618,0,0
70b042f2,7b56e756,366d7140,What do official GLA/TfL primary source reports (not secondary news summaries) state for PM2.5 ambient (not just exhaust) concentration changes in outer London?,open,2,0.6,0,0,3491,0,0
7185dab9,2aff5880,1db39de4,"How do the C API extension porting guide and PEP 703 define the separate ABI for the free-threaded 3.13 build? Cover the cp313t wheel/ABI tag, the 't' value in sys.abiflags, and the Py_GIL_DISABLED macro. Cover why extensions must be built separately for the free-threaded build and cannot reuse binaries from the default build. Cover how build tools and packaging should detect and target this build.",open,2,0.68,0,0,4470,1,0
758c40a9,9a86f307,b33595f8,Article 113이 제XII장 벌칙 중 Article 101을 적용 개시일 측면에서 어떻게 예외로 다루는가?,open,2,0.6,0,0,2658,0,0
759fe9d2,673b596a,b16603d8,해당 보고서의 Appendix 4 (Air quality concentrations results)에 outer London roadside NO2 변화 수치가 표로 제시되어 있는지 확인,open,4,0.6,0,0,1,0,0
77721deb,9a86f307,3e4bc8f4,"EU AI Act Article 111(3)의 정확한 원문은 무엇이며, 2025-08-02 이전 출시된 GPAI 모델 제공자에게 어떤 준수 기한(예: 2027-08-02)을 규정하는가?",abandoned,2,0.95,0.15,4339,2889,0,0
7943159e,26e9d25e,4ea698a2,What does the IARC Monographs Preamble itself state about the definition and scope of 'hazard identification' and why exposure levels are excluded from classification?,abandoned,2,0.85,0.1,3650,3627,0,0
79c7360f,673b596a,1dcf3ba1,"GLA 또는 TfL이 위탁한 HealthLumen 보고서(대기오염 건강영향 모델링)가 ULEZ 확장에 따라 추정한 NO2/NOx 및 PM2.5 농도 감소치(µg/m3)와 이를 바탕으로 한 건강 편익 추정은 무엇이며, 보고서의 정확한 제목과 발간연도는 무엇인가?",open,4,0.71999997,0,0,1,0,0
7d0be692,2aff5880,b2b4f3c5,What single-threaded performance overhead does the 'What's New In Python 3.13' document (docs.python.org/3/whatsnew/3.13.html) state for the free-threaded build compared with the default GIL build?,abandoned,2,0.9,0,0,3282,0,0
7ddef3a8,673b596a,4071f13e,"공식 TfL·GLA(london.gov.uk) 사이트 외에, 해당 보고서 PDF 전체 본문을 확보할 수 있는 대체 출처는 무엇인가(Wayback Machine 아카이브, 런던 의회 제출 문서, 데이터 포털, 미러 사이트 등)? 앞부분만 잘리지 않고 뒷부분 쪽까지 추출 가능한 출처를 찾는다.",open,4,0.71999997,0,0,1,0,0
7e42e94d,7b56e756,366d7140,"What observed (measured) changes in roadside NO2 concentrations at outer London monitoring sites do the official TfL/GLA ULEZ reports document? Cover the six-month report, the one-year report and any later reports through July 2026. Include absolute values (µg/m3), the pre-expansion baseline period, the number and type of monitoring sites, and percentage changes. Report these measured figures separately from modelled estimates against the no-ULEZ scenario.",open,2,0.71999997,0,0,4364,0,0
7f42c41e,673b596a,a17da01c,"'TfL ULEZ 1년 보고서'는 정확히 어느 문서인가? 2019년 중앙 런던 ULEZ 1년 보고서, 2021년 확장 ULEZ 1년 보고서, 2023년 런던 전역 확대 1년 보고서 중 무엇이며, 각 보고서의 발행 주체(TfL 또는 GLA/런던시장실), 공식 제목, 발행일, 총 쪽수는 무엇인가?",open,4,0.71999997,0,0,1,0,0
80926792,9a86f307,,"As of 2026-07-19, which EU AI Act obligations for providers of general-purpose AI models are already applicable, and on what dates did they begin to apply? Use official EU sources.",split,0,1,0,0,140000,0,0
81805750,9a86f307,80926792,"GPAI 제공자에게도 적용되는 일반 조항(Article 4 AI 리터러시, Article 5 금지 관행)은 2025-02-02부터 적용되는데, 이 조항들이 GPAI 모델 제공자 의무에 실제로 해당하는지, 그 해당 범위는 어디까지인가?",open,1,0.5,0.4,11765,20000,0,0
8249c284,673b596a,afa1cd3c,"Are there other peer-reviewed studies (besides PMC12545172) using DiD, synthetic control, or RDD that independently evaluate the 2023 ULEZ expansion's effects on air pollution or traffic?",open,2,0.6,0,0,12675,0,0
8283191f,26e9d25e,4ea698a2,"According to the IARC Preamble (2019 version), what is the Monographs Programme's stated mandate and scope? Specifically, how does it define 'hazard' versus 'risk', and how does it state that its classifications do not reflect cancer potency or risk at specific exposure levels?",open,2,0.68,0,0,4534,0,0
83a9a03b,673b596a,10b443a6,ULEZ 2023 전역 확대 이후 확장 구역 바로 바깥(outside the expanded zone) 지역의 대기오염 수치를 직접 측정한 연구가 있는가?,open,3,0.8,0,0,907,0,0
84e79ca6,9a86f307,81805750,"AI Act 제4조(AI 리터러시)와 제5조(금지 관행)가 GPAI 모델 제공자를 명시적 적용대상(provider/deployer)으로 포함하는지, 조문 자체의 수범자 정의(제3조 등)는 무엇인가?",abandoned,2,0.9,0.3,7670,2058,0,0
865bdcfe,673b596a,3f20c646,2023년 런던 ULEZ 확장 이후 경계부(boundary) 교통량 변화에 대한 TfL 또는 독립 연구의 정량적 측정치가 있는가?,open,2,0.9,0.1,7089,11502,0,0
86e850f8,673b596a,324bd23d,TfL London-wide ULEZ 6-month report의 'ULEZ compliance'(페이지 17) 및 'Traffic'(페이지 65-67) 섹션에 보고된 수치는 1-year report와 어떻게 비교되는가?,open,2,0.7,0,0,10805,0,0
86e9b7b1,e0014861,c1c895cb,"What are the operational trade-offs of running hybrid search on PostgreSQL 17 + pgvector versus Elasticsearch 8.x? Cover horizontal scaling and sharding, memory requirements and build times for HNSW indexes, index maintenance (VACUUM vs. segment merging), replication, backup, and upgrades, availability of managed services, and licensing (PostgreSQL License vs. Elastic License/SSPL/AGPL).",open,1,0.8,0,8093,23333,0,0
886578da,2aff5880,,"Compare free-threaded CPython 3.13 with the standard GIL build for CPU-bound multithreaded workloads, extension compatibility, and production readiness. Use Python project documentation and primary benchmarks.",split,0,1,0,0,140000,0,0
88b5a76d,2aff5880,1db39de4,"What does the official CPython C API porting guide (docs.python.org free-threading-extensions.html) say specifically about the cp313t ABI tag, Py_mod_gil slot values, and Limited API/stable ABI support on free-threaded 3.13?",abandoned,2,0.9,0.1,5142,3576,0,0
8ba8c1a9,673b596a,d0a2aedd,Appendix 5 'Indexed traffic flows'에 제시된 구체적 지표 값(지역별 인덱스)은 무엇인가?,open,4,0.6,0,0,1,0,0
8bd5dde8,673b596a,df6cd9f1,해당 보고서가 전국 차량 교체(fleet turnover)를 통제 변수로 명시했는가?,open,3,0.6,0,0,1037,0,0
8d296409,2aff5880,b2b4f3c5,What specific single-threaded performance overhead (percentage slowdown) do pyperformance benchmarks from the faster-cpython team report for python3.13t versus the standard GIL build?,abandoned,2,0.95,0.1,4749,3947,0,0
8da57620,26e9d25e,5b245c20,IARC/WHO 공동 보도자료 원문에서 두 평가의 관계(상호보완적 vs 독립적)를 설명하는 공식 문구는 무엇인가?,abandoned,2,0.5,0,0,5090,0,0
8dd462af,2aff5880,59f3996e,Steering Council의 PEP 703 수용 공지 원문(공식 python.org 또는 discuss.python.org 게시물)은 실험 단계의 구체적 지속 기간과 되돌림(revert) 조건을 어떻게 명시하는가?,abandoned,2,0.65,0,0,3742,0,0
8eac2383,673b596a,4071f13e,"루트 질문의 'TfL ULEZ 1년 보고서'는 정확히 어떤 문서인가(예: 2023년 Inner London ULEZ One Year Report, 2020년 Central London ULEZ Ten Month Report 등 후보 비교)? 정식 제목, 발행일, 공식 PDF URL, 전체 쪽수(87쪽 이상인지)는 무엇인가?",open,4,0.71999997,0,0,1,0,0
92138c51,e0014861,d7a1b2eb,"How did the dense_vector field mapping evolve across Elasticsearch 8.x minor versions? Cover when each of these was introduced or changed: indexing enabled by default, maximum dims increases, element_type byte and bit, similarity options (l2_norm, cosine, dot_product, max_inner_product), and HNSW index_options parameters m and ef_construction.",open,2,0.71999997,0,0,3803,0,0
9332e1d1,7b56e756,e6947c06,"2023년 ULEZ 확장과 관련해 교통 흐름, 통행 재배치(displacement), 또는 경계 인근 스필오버를 다룬 동료심사(peer-reviewed) 학술 연구가 존재하는가, 존재한다면 어떤 인과추론 기법(예: 이중차분법, 회귀불연속, 합성대조군)을 사용했는가?",abandoned,2,0.95,0.05,4896,4416,0,0
937f6225,673b596a,5863d2e9,GLA March 2025 One Year Report 190페이지(Appendix 4) 본문에 기재된 outer London 도로변 PM2.5 농도 변화 수치는 구체적으로 몇 %/㎍/㎥인가?,open,4,0.9,0.1,4605,1,0,0
95d5cad7,2aff5880,59f3996e,"PEP 703 공식 텍스트에서 Phase II/III(지원 전환, 기본값화) 조건은 구체적으로 무엇인가?",abandoned,2,0.8,0,0,3742,0,0
975ce3a5,7b56e756,6a81d338,"Has the Department for Transport (DfT) published independent data or analysis on outer London traffic volumes or vehicle fleet compliance following the 2023 ULEZ expansion, separate from TfL/GLA reporting?",open,2,0.7,0,0,4584,0,0
9b4be98e,7b56e756,693906be,"Which peer-reviewed or independent academic studies have estimated the 2023 London-wide ULEZ expansion's effect on air pollution using quasi-experimental designs such as difference-in-differences, synthetic control, regression discontinuity, or weather-normalised trend analysis? What effect sizes and confidence intervals do they report?",open,1,0.9,0.05,4713,28000,0,0
9bf0ae8d,673b596a,4071f13e,"해당 보고서의 목차와 부록 구성에서 'Traffic Method' 절은 어느 장이나 부록에 속하는가? 인쇄 쪽번호 87쪽과 PDF 파일상 쪽번호는 일치하는가, 차이가 있다면 몇 쪽 차이인가?",open,4,0.71999997,0,0,1,0,0
9caa095c,673b596a,a17da01c,"공식 URL이 변경되었거나 접근이 불가한 경우, Wayback Machine 등 웹 아카이브나 정부 문서 저장소에 해당 보고서 PDF의 보관본이 있는가?",open,4,0.71999997,0,0,1,0,0
9cfbdf6b,e0014861,c1c895cb,"What ranking and fusion controls does each system offer for hybrid search? Compare Elasticsearch retrievers (RRF, linear/weighted combination, text_similarity_reranker), boosting, function_score, and rescore, including any license tier required for each feature. Compare PostgreSQL's manual SQL-based RRF and weighted fusion, ts_rank normalization options, and reranking patterns. Also compare filtered vector search behavior: pgvector iterative index scans versus Elasticsearch kNN pre-filtering and num_candidates.",split,1,0.85,0.15,7889,23333,0,0
9d10c92b,7b56e756,366d7140,"How do TfL/GLA build the modelled 'without ULEZ' counterfactual scenario? Cover the emissions and dispersion models used (e.g. LAEI-based), the assumptions about the vehicle fleet and natural fleet turnover, the traffic volume inputs, and the base year. Also cover how they separate the ULEZ effect from other factors such as weather normalisation, post-COVID traffic recovery, other policies and national trends.",open,2,0.71999997,0,0,4364,0,0
9f66429c,2aff5880,59f3996e,"PEP 779는 3.14 이후 '지원됨' 상태를 유지하기 위한 구체적 기술 기준(성능 저하 한계, 서드파티 생태계 준비도 등)을 무엇으로 규정하는가?",abandoned,2,0.75,0,0,3742,2,0
9ff27ed3,673b596a,f3342894,GLA One Year Report(ULEZ 확장 1주년 보고서) 원문 PDF의 'Appendix 3 – Air quality concentrations methodology' 섹션 텍스트는 무엇인가?,open,3,0.95,0,0,1461,0,0
a17da01c,673b596a,df6cd9f1,TfL ULEZ 1년 보고서(Annual Report) 원문 PDF의 45쪽 'Data sources and methodology' 절 전문은 무엇인가?,split,3,0.9,0,3145,1037,0,0
a2bd85e8,673b596a,f3342894,"해당 부록이 기상 정규화(weather/meteorological normalisation) 기법을 설명하는가, 설명한다면 어떤 방법론(예: 특정 연도 기상 데이터로 보정)을 사용하는가?",open,3,0.9,0,0,1461,0,0
a6165a9e,9a86f307,df779aa6,"Article 53(1)(d)의 학습 데이터 '충분히 상세한 요약' 공개 의무의 범위와 형식은 무엇인가? AI Office가 제공하는 템플릿의 구성 항목, 공개 대상 콘텐츠의 범위(데이터셋 유형·출처), 영업비밀과의 균형(Recital 107)을 포함한다.",open,2,0.68,0,0,5000,1,0
a6917882,7b56e756,366d7140,"What is the detailed technical methodology (e.g. dispersion/emissions modelling approach, baseline year, meteorological normalisation) TfL uses to construct the 'without ULEZ' counterfactual scenario?",open,2,0.7,0,0,3491,0,0
a69b9ce7,673b596a,e73a850a,"London-wide ULEZ one-year report PDF의 87-94페이지(Traffic 섹션, Method/Findings/Traffic around the London-wide ULEZ boundary) 본문에 보고된 구체적인 교통량 및 VKT 변화 수치는 무엇인가?",open,3,0.9,0.1,3423,2297,0,0
a7022cfb,673b596a,f9e64129,London-wide ULEZ 1-year report PDF 6페이지 'Key Findings' 섹션의 본문 텍스트를 직접 fetch하여 준수율 수치를 확인할 수 있는가?,abandoned,4,0.9,0.2,5443,1,0,0
a9f649f6,2aff5880,0acc15ed,CPython 코어 개발자(Sam Gross 등)가 공개한 free-threaded 3.13/3.14 빌드의 스레드 수별 처리량 스케일링 1차 벤치마크 데이터는 무엇인가?,abandoned,2,0.9,0.1,4705,3873,0,0
aae7aff2,26e9d25e,20139672,"What were the meeting dates and composition of the IARC Monographs Volume 134 Working Group (e.g., June 2023, Lyon; number of experts and countries)? Which other agents besides aspartame (e.g., methyleugenol, isoeugenol) were evaluated in the same volume, and what were their classifications?",open,2,0.76,0,0,4837,0,0
ad3366bc,2aff5880,b2b4f3c5,"Does the CPython 3.13 documentation (What's New 3.13 or the free-threading HOWTO) state that the specializing adaptive interpreter (PEP 659) is disabled in the free-threaded build, and does it identify this as a cause of the single-threaded slowdown?",abandoned,2,0.8,0,0,3282,0,0
ad684b80,673b596a,a17da01c,TfL ULEZ Annual Report PDF 45쪽의 텍스트 전문은 무엇인가?,open,4,0.95,0,4740,1,0,0
ad925d8d,e0014861,9cfbdf6b,pgvector의 iterative index scan은 필터링된 벡터 검색에서 어떻게 동작하며 Elasticsearch kNN pre-filtering과 어떻게 다른가?,abandoned,2,0.85,0,0,3088,0,0
ae31f8fb,673b596a,865bdcfe,2021년 Inner London ULEZ 확장 당시 경계부 교통량 변화 측정치는 어떤 수준이었으며 2023년 확장과 비교 가능한가?,open,3,0.4,0,0,882,0,0
af872584,e0014861,9cfbdf6b,"Elasticsearch의 전통적 점수 조정 수단은 retriever 기반 하이브리드 검색이나 kNN 쿼리와 어떻게 결합되거나 제약되는가? 대상은 boost 파라미터와 boosting 쿼리의 negative_boost, function_score의 functions, score_mode, boost_mode, rescore의 window_size, query_weight, rescore_query_weight, score_mode이다.",open,2,0.68,0,0,3861,0,0
afa1cd3c,673b596a,d434a5cd,"What effect sizes on air pollution and traffic did peer-reviewed studies of the 2023 expansion find using causal inference designs such as difference-in-differences, synthetic control, regression discontinuity, or machine-learning-based weather-normalised counterfactuals?",open,1,0.9,0.55,9299,60000,0,0
b16603d8,673b596a,231ad901,GLA March 2025 One Year Report의 'ULEZ impact analysis' 섹션(69페이지 부근)에서 outer London 도로변 NO2 농도 변화 수치는 무엇인가?,open,3,0.9,0.1,4773,1306,0,0
b2b4f3c5,2aff5880,886578da,"According to Python project documentation (What's New in 3.13, PEP 703, the free-threading HOWTO) and primary benchmarks such as pyperformance results from the CPython or faster-cpython teams, how much single-threaded performance and memory overhead does the free-threaded CPython 3.13 build (python3.13t) have compared with the standard GIL build? What causes that overhead, such as the specializing adaptive interpreter being disabled, biased reference counting, immortalization, and the mimalloc allocator?",open,1,0.85,0.2,11586,28000,0,0
b33595f8,9a86f307,80926792,"EUR-Lex에 게재된 EU AI Act(Regulation (EU) 2024/1689) 공식 텍스트에 따르면 발효일은 언제이며, Article 113이 제V장(범용 AI 모델) 및 관련 조항(제III장 제4절 통보기관 관련 조항, 제VII장 거버넌스, Article 78 기밀유지, 제XII장 벌칙 중 Article 101 제외)의 적용 개시일을 각각 어떻게 정하는가?",open,1,0.9,0.45,9365,20000,0,0
b3bf4e45,673b596a,df6cd9f1,해당 보고서가 팬데믹 이후 교통량 회복을 통제 변수로 명시했는가?,open,3,0.6,0,0,1037,0,0
b3e87154,26e9d25e,4ea698a2,What are the formal institutional mandates (founding resolutions/charters) of IARC versus JECFA as described by WHO/FAO?,abandoned,2,0.5,0,0,3627,0,0
b4c5faca,673b596a,e0b8a82a,Leicester 대학 연구(central London ULEZ와 COVID-19 제한의 영향을 분리 분석한 논문)는 ULEZ 효과와 팬데믹 효과를 어떻게 구분하여 추정했는가?,open,2,0.85,0,0,11099,0,0
b69da525,26e9d25e,4ea698a2,"According to WHO/FAO procedural documents (e.g., EHC 240 'Principles and Methods for the Risk Assessment of Chemicals in Food'), what is JECFA's mandate and role within the Codex Alimentarius risk analysis framework? What steps make up its risk assessment process (hazard identification, hazard characterization, exposure assessment, risk characterization)?",open,2,0.68,0,0,4534,0,0
ba44c0c7,673b596a,4071f13e,TfL ULEZ '1년 보고서'의 정확한 공식 명칭과 발행 기관(예: ULEZ 1st year report)은 무엇인가?,open,4,0.7,0,0,1,0,0
bcd5ff43,2aff5880,1db39de4,What are the exact documented semantics of Py_mod_gil slot values (Py_MOD_GIL_USED vs Py_MOD_GIL_NOT_USED) in the official CPython C API reference?,abandoned,2,0.7,0,0,3576,0,0
bd27217a,673b596a,f3342894,"해당 부록이 no-ULEZ counterfactual(반사실) 시나리오 모델링을 설명하는가, 설명한다면 어떤 모델(예: London 대기질 모델)과 입력 가정을 사용하는가?",open,3,0.9,0,0,1461,0,0
bde02eea,9a86f307,81805750,EC의 GPAI 모델 의무 범위 지침(2025-07-18) 또는 AI 사무국 가이드라인이 제4조·제5조와 제5장(GPAI) 의무 간의 관계를 별도로 언급하는가?,abandoned,2,0.8,0,0,2058,0,0
be2cff67,e0014861,d7a1b2eb,"Using official Elastic docs and release notes, what lexical relevance and similarity capabilities does Elasticsearch 8.x offer, and did any change across 8.x minor versions? Cover BM25 as the default, configurable k1/b parameters, alternative built-in similarities (DFR, DFI, IB, LM Dirichlet, LM Jelinek-Mercer, boolean), and scripted similarity.",open,2,0.71999997,0,0,3803,0,0
be990951,673b596a,f1e20840,London-wide ULEZ 1-year report PDF의 23-44페이지 'Vehicle compliance'/'ULEZ compliance data' 섹션 본문에 기재된 central/inner/outer London별 준수율 수치는 무엇인가?,open,3,0.9,0.1,4315,923,0,0
bff8c726,7b56e756,cd9702e6,"What causal inference method (e.g., synthetic control, difference-in-differences) did the PMC/Nature-style academic study use, and how does it methodologically differ from TfL's official trend/impact analysis approach?",open,2,0.7,0,0,4193,0,0
c18eaae7,673b596a,e73a850a,"Appendix 5 (Indexed traffic flows, p.197)에 제시된 지표화된 교통 흐름 수치는 Traffic 섹션의 수치를 어떻게 뒷받침하는가?",open,3,0.4,0,0,2297,0,0
c1c895cb,e0014861,,"Compare PostgreSQL 17 and Elasticsearch 8.x for hybrid lexical and vector search, including native capabilities, consistency, ranking controls, and operational trade-offs. Prefer official documentation and primary sources.",split,0,1,0,0,140000,0,0
c1e546ca,673b596a,a17da01c,TfL ULEZ Annual Report 원문 PDF의 공식 URL은 무엇인가?,abandoned,4,0.9,0.5,8285,1,0,0
c219faec,7b56e756,cd9702e6,"Have other academic or independent researchers (e.g., Imperial College, LSE, King's College London) published critiques disputing TfL's official conclusions about the ULEZ 2023 expansion's impact on outer London pollution or traffic?",open,2,0.6,0,0,4193,0,0
c495287e,e0014861,0d1430de,"According to the official PostgreSQL 17 documentation (Chapter 12 Full Text Search and Chapter 9.13 Text Search Functions and Operators), how do text search configurations work? Cover parsers, dictionaries, default_text_search_config, and the role of the regconfig argument. Also explain how to_tsquery, plainto_tsquery, phraseto_tsquery, and websearch_to_tsquery differ in their tsquery syntax and operators (&, |, !, <->). Do not re-investigate the basic tokenization/matching principle.",open,2,0.71999997,0,0,3862,0,0
c56298fb,7b56e756,cd9702e6,"What concurrent local or national policies (e.g., school streets, LTNs, EV incentives, fuel duty changes) were implemented in outer London around 2023 that could confound attribution of pollution/traffic changes to ULEZ?",open,2,0.6,0.1,2698,4193,0,0
c8db9820,673b596a,e0b8a82a,"학계/독립 연구(예: Imperial College, King's College London, 또는 피어리뷰 논문)는 ULEZ 확장의 NOx/PM2.5 감소 효과 추정치가 TfL 공식 추정치와 수치상 얼마나, 어떤 방향으로 다른가?",open,2,0.9,0.3,10127,11099,1,0
c9d55442,673b596a,a69b9ce7,"London-wide ULEZ one-year report PDF의 87-94페이지(Traffic 섹션, Method/Findings/Traffic around the London-wide ULEZ boundary) 본문 텍스트를 직접 fetch하여 구체적인 교통량 및 VKT 변화 수치를 확인",open,4,0.95,0,0,1,1,0
cb8e8057,9a86f307,5334b31f,"Article 55 의무의 준수는 어떤 수단으로 입증되는가? Article 56의 실천강령(GPAI Code of Practice, 특히 Safety & Security 장), 조화표준에 따른 적합성 추정, 실천강령에 가입하지 않은 제공자의 대체 입증 방식, 집행위원회 가이드라인이 의무를 어떻게 구체화하는지 조사하라.",open,2,0.68,0,0,2142,0,0
cbb50960,673b596a,865bdcfe,Imperial College London 또는 King's College London 등 독립 연구기관이 2023년 ULEZ 확장 이후 경계부 교통량을 측정한 데이터가 있는가?,open,3,0.8,0,0,882,0,0
cbcef42d,673b596a,0331e1ee,해당 보고서가 다루는 지역·기간·차량 분류체계(노후 디젤 vs 준수 차량 기준)는 무엇인가,open,3,0.5,0,0,1618,0,0
cc62d7cb,9a86f307,3e4bc8f4,"2026-07-19 시점에서 GPAI 모델 제공자 의무 중 '이미 적용 중'인 의무(예: 투명성, 저작권 정책)와 '아직 준수 기한이 도래하지 않은' 의무(예: 체계적 위험 관련 의무, 기존 모델에 대한 경과기간 의무)를 구분하는 공식 자료가 있는가?",abandoned,2,0.85,0,0,2889,0,0
cd9702e6,7b56e756,693906be,"Which confounders limit causal attribution of post-2023 changes in outer London pollution and traffic to the ULEZ expansion, such as national fleet turnover, post-COVID trend recovery, weather, fuel prices, and concurrent local policies? What methodological critiques or disputes have been raised about official and academic evaluations?",open,1,0.8,0.3,7034,28000,0,0
cf065f13,e0014861,c1c895cb,"How do PostgreSQL 17 (with pgvector) and Elasticsearch 8.x differ on data consistency and visibility semantics? Compare PostgreSQL MVCC transactional visibility, WAL durability, and how ANN index updates behave inside transactions against Elasticsearch near-real-time refresh, the translog, primary/replica replication, and read-after-write guarantees. Also compare the accuracy-consistency trade-off of approximate (ANN) versus exact search.",open,1,0.8,0.15,5316,23333,0,0
cfe8a0c4,673b596a,c8db9820,Imperial College 연구의 'a few per cent' NO2 감소치의 정확한 수치(신뢰구간 포함)는 몇 %인가?,open,3,0.5,0,0,194,0,0
cff2b377,26e9d25e,4ea698a2,"What evidence-evaluation methodology does the IARC Preamble prescribe? This covers the three evidence streams (cancer in humans, cancer in experimental animals, and mechanistic evidence including key characteristics of carcinogens), the criteria for 'sufficient', 'limited' and 'inadequate' evidence, and how these combine into Groups 1, 2A, 2B and 3.",open,2,0.68,0,0,4534,0,0
d0a2aedd,673b596a,865bdcfe,TfL의 2023년 ULEZ 런던 전역 확장 이후 공식 모니터링 보고서(Outer London 경계 지역 교통량 변화 수치)는 무엇인가?,split,3,0.9,0.25,8654,882,0,0
d0d847f6,e0014861,0d1430de,pgvector 저장소(GitHub)에서 PostgreSQL 17과 호환되는 pgvector 버전은 무엇인가?,abandoned,2,0.9,0,0,3090,0,0
d434a5cd,673b596a,,"What measured effects did London's 2023 ULEZ expansion have on roadside air pollution and traffic by July 2026, and which findings support causal attribution rather than simple association? Use official evaluations and peer-reviewed research.",split,0,1,0,0,300000,0,0
d7a1b2eb,e0014861,c1c895cb,"What native lexical and vector search capabilities does Elasticsearch 8.x provide, and in which minor versions were they introduced? Cover BM25 and similarity settings, dense_vector and sparse_vector fields, the knn query and top-level knn search, HNSW parameters, quantization (int8/int4/BBQ), semantic_text, ELSER, and the inference API. Use the official Elastic docs and release notes.",split,1,0.9,0,8120,23333,0,0
d87ee264,e0014861,9cfbdf6b,"Elasticsearch에서 text_similarity_reranker, RRF retriever, weighted RRF 각각에 필요한 라이선스 티어(free/basic vs platinum/enterprise)는 무엇인가?",abandoned,2,0.85,0,0,3088,0,0
da37fbf3,673b596a,1dcf3ba1,TfL London-wide ULEZ One Year Report(2025)의 'PM2.5 emission impacts' 섹션(52페이지)에 기재된 ULEZ 확장에 따른 PM2.5 배출 감소 구체적 수치는 무엇인가?,open,4,0.9,0,0,1,0,0
db6c721f,673b596a,d0a2aedd,"TfL 또는 런던시장실이 2023년 8월 29일 ULEZ 런던 전역 확장 이후 발간한 공식 모니터링 보고서(예: 초기 결과 보고서, 1년 보고서)의 정확한 제목, 발간일, 발행 주체는 무엇이며, 'Traffic around the London-wide ULEZ boundary' 섹션은 어느 보고서에 실려 있는가?",open,4,0.71999997,0,0,1,0,0
dc3d469b,673b596a,231ad901,GLA March 2025 One Year Report에서 outer London과 inner/central London의 NO2·PM2.5 농도 변화를 비교하는 구체적 수치와 비교 방향은 무엇인가?,open,3,0.5,0,0,1306,0,0
dc733ac5,e0014861,cf065f13,"PostgreSQL 17 MVCC가 트랜잭션 가시성(visibility)을 어떻게 보장하며, pgvector ANN 인덱스(HNSW/IVFFlat) 갱신이 트랜잭션 내부에서 어떤 가시성/롤백 동작을 보이는가?",abandoned,2,0.9,0,0,3603,0,0
dd8ef3a1,26e9d25e,20139672,"What strength-of-evidence rating did IARC assign to the mechanistic evidence for aspartame in Monographs Volume 134 (e.g., 'limited'), and which key characteristics of carcinogens, such as oxidative stress, chronic inflammation, or genotoxicity, did the Working Group evaluate or find support for?",open,2,0.76,0,0,4837,0,0
ddb4baf5,673b596a,be990951,London-wide ULEZ one-year report PDF의 23-44페이지 본문(목차가 아닌 실제 섹션 텍스트)을 fetch하여 central/inner/outer London별 준수율 수치를 확인해야 함,open,4,0.9,0.1,4483,1,0,0
de862226,9a86f307,58559a7b,"Regulation (EU) 2024/1689(AI Act) 원문에 따르면 GPAI 모델 제공자의 의무(제53조, 시스템적 위험 GPAI의 제55조, 제54조 대리인 지정, 제101조 과징금 등)는 각각 언제부터 적용되는가? 2025-08-02 이전에 시장에 출시된 모델에 대한 제111조(3) 경과규정과 제113조의 단계별 적용일 구조, 그리고 Commission의 집행 권한이 언제 발효되는지를 기준선으로 정리하라.",open,2,0.6,0,0,5000,0,0
df6cd9f1,673b596a,e0b8a82a,"TfL ULEZ 1년 보고서의 'Data sources and methodology' 및 'Traffic Method' 절(45쪽, 87쪽)은 전국 차량 교체(fleet turnover), 팬데믹 이후 교통량 회복, 날씨 등 혼란변수를 어떻게 통제했다고 명시하는가?",open,2,0.9,0,5912,11099,0,0
df6fed61,7b56e756,6a81d338,What do the 'Traffic around the London-wide ULEZ boundary' and Appendix 5 'Indexed traffic flows' sections of the GLA Six Month and One Year ULEZ reports show specifically for outer London traffic volumes and vehicle kilometres after the 2023 expansion?,abandoned,2,0.9,0,0,4584,0,0
df779aa6,9a86f307,80926792,"Article 53(모든 GPAI 모델 제공자 의무: 기술문서, 하류 제공자용 정보, 저작권 정책, 학습 데이터 요약 공개)과 Article 54(제3국 제공자의 수권대리인 지정)의 구체적 의무 내용은 무엇이며, 오픈소스 예외(Article 53(2))의 범위는 어떻게 되는가?",split,1,0.85,0,0,20000,0,0
dfaede66,7b56e756,366d7140,"What changes in roadside PM2.5 concentrations (not emissions) in outer London since the August 2023 ULEZ expansion do official TfL/GLA reports document? Do they attribute part of those changes to the ULEZ, and how much compared with non-exhaust and background sources such as regional and transboundary pollution?",open,2,0.71999997,0,0,4364,0,0
e00e5dce,9a86f307,df779aa6,"Article 53(1)(c)의 EU 저작권법 준수 정책 의무는 무엇을 요구하는가? DSM 저작권 지침(Directive 2019/790) 제4조(3)의 텍스트·데이터 마이닝 권리 유보(opt-out)를 식별·준수하는 최신 기술 활용 요건, 역외 학습에 대한 적용 범위(Recital 106), 행동강령상의 구체화 내용을 포함한다.",open,2,0.68,0,0,5000,0,0
e0b8a82a,673b596a,d434a5cd,"What major confounders and methodological limitations threaten causal attribution of the ULEZ expansion's effects, such as national vehicle fleet turnover, post-pandemic traffic recovery, weather, and concurrent policies? Where do official estimates and independent or academic estimates disagree?",open,1,0.8,0.1,4504,60000,0,0
e296fece,2aff5880,1db39de4,"What does the primary text of PEP 703 (peps.python.org/pep-0703) say about the PYTHON_GIL environment variable and the -X gil command-line option, including default behavior and precedence between them?",abandoned,2,0.85,0,0,3576,0,0
e6947c06,7b56e756,693906be,"What do peer-reviewed or independent studies find about the 2023 ULEZ expansion's effects on traffic flows, journey patterns, and spillover or displacement just beyond the London boundary, and what causal identification strategies do they use?",open,1,0.75,0.15,5916,28000,0,0
e73a850a,673b596a,324bd23d,TfL London-wide ULEZ 1-year report의 'Traffic' 섹션(페이지 87-94)에 보고된 교통량(traffic volume) 및 차량주행거리(VKT) 변화 수치는 무엇인가?,open,2,0.9,0.1,3914,10805,0,0
e9de1bd6,2aff5880,3391cf45,NumPy 공식 릴리스 노트(release notes)에서 free-threaded CPython 3.13 빌드용 wheel 제공 및 thread-safety 변경 사항이 언제부터 명시되었는가?,abandoned,2,0.8,0,0,4346,0,0
eaa4aa14,7b56e756,366d7140,"Why do secondary sources report differing PM2.5 reduction figures (22% vs 20%) for outer London, and what does the original TfL report state exactly?",open,2,0.4,0,0,3491,0,0
eaa57d09,673b596a,b16603d8,GLA March 2025 One Year Report PDF의 69페이지 'ULEZ impact analysis' 섹션 본문(outer London roadside NO2 수치 포함)을 직접 fetch하여 확인,open,4,0.9,0,0,1,0,0
ec5892b9,26e9d25e,0c1b1ed3,"What specific evidence (studies, exposure data) did JECFA itself evaluate at its 96th meeting to conclude on dietary exposure risk, as distinct from IARC's hazard evidence?",abandoned,2,0.8,0,0,4913,0,0
ec8fa143,673b596a,c8db9820,"King's College London이 발표한 ULEZ 관련 NOx/PM2.5 추정치가 존재하는가, 존재한다면 수치는 무엇인가?",open,3,0.6,0,0,194,0,0
ecc8fa85,2aff5880,b2b4f3c5,"Does the CPython 'What's New in 3.13' documentation state that the specializing adaptive interpreter (PEP 659) is disabled in the free-threaded build, and what performance impact does it attribute to this?",abandoned,2,0.9,0.3,6819,3947,0,0
ed76b499,673b596a,d434a5cd,"What changes in roadside NO2 and PM2.5 concentrations, especially in outer London, did official TfL/GLA monitoring reports and independent evaluations commissioned by them record between the August 2023 London-wide ULEZ expansion and July 2026? What methods did they use, such as comparison with a no-ULEZ counterfactual scenario or weather normalisation?",open,1,0.9,0.35,9654,60000,0,0
ee8b8444,673b596a,1dcf3ba1,"TfL의 London-wide ULEZ(2023년 8월 확장) One Year Report 본문에서 제시된 NOx 배출량 감소(톤 및 %), PM2.5 배기 배출량 감소(톤 및 %), 외곽 런던 도로변 NO2 농도 감소(µg/m3 또는 %) 수치는 각각 무엇인가? 목차가 아닌 해당 결과 페이지 본문을 확보할 것.",open,4,0.71999997,0,0,1,0,0
f038255d,26e9d25e,4ea698a2,"What do JECFA/WHO procedural documents (e.g., JECFA principles and methods manuals) state about how ADI is derived (NOAEL, safety/uncertainty factors, exposure assessment)?",abandoned,2,0.85,0.35,10567,3627,0,0
f1869cd2,9a86f307,2ee23efe,Article 101의 과징금 산정 절차 및 실제 부과 사례(2026-08-02 이후)는 무엇인가?,open,2,0.35,0,0,3613,0,0
f1be4d0f,26e9d25e,20139672,IARC Monographs Volume 134 요약에서 아스파탐에 대한 메커니즘적 근거(mechanistic evidence)의 강도 등급은 구체적으로 어떻게 기술되었는가?,open,2,0.8,0.15,4425,6450,0,0
f1e20840,673b596a,324bd23d,"TfL London-wide ULEZ 1-year report의 'Key Findings' 및 'Vehicle compliance'/'ULEZ compliance data' 섹션(페이지 6, 23-44)에 보고된 구체적 준수율(compliance rate) 수치는 무엇인가?",open,2,0.9,0.3,7111,10805,0,0
f3342894,673b596a,ed76b499,"Does the GLA One Year Report's 'Appendix 3 – Air quality concentrations methodology' describe use of a no-ULEZ counterfactual scenario or weather/meteorological normalisation, and if so how?",open,2,0.85,0,4224,10069,0,0
f3b6ab22,9a86f307,b33595f8,Article 113이 제III장 제4절(통보기관 관련 조항)의 적용 개시일을 구체적으로 어떻게 규정하는가?,abandoned,2,0.7,0,0,2658,0,0
f411ddd2,673b596a,a17da01c,"각 후보 PDF의 목차와 45쪽 부근 구성은 어떠한가? 'Data sources and methodology' 절이 실제로 45쪽(인쇄 쪽 번호 또는 PDF 쪽 번호 기준)에 있는지, 아니면 부록이나 다른 쪽에 있는지 확인한다.",open,4,0.71999997,0,0,1,0,0
f45ba46b,673b596a,3f20c646,ULEZ 확장의 인과적 효과 추정에서 공간적 파급효과(spillover)로 인한 편향 가능성을 다룬 계량경제학적 방법론 논문이 있는가?,open,2,0.8,0,0,11502,0,0
f4775ca3,673b596a,4071f13e,"TfL ULEZ 평가에 쓰인 교통량 측정 방법론(ATC 자동계수기, ANPR 카메라 데이터, 비교 기준기간, 계절 보정 등)을 설명하는 별도 기술 부속서나 방법론 문서가 있는가? 그 문서에 보고서 'Traffic Method' 절과 동일하거나 거의 같은 문구가 실려 있는가?",open,4,0.71999997,0,0,1,0,0
f55d33dc,2aff5880,3391cf45,"py-free-threading.github.io의 공식 호환성 트래커 페이지에서 NumPy, Cython, pybind11, PyO3, pip, cibuildwheel, setuptools 각각의 free-threaded 지원 상태는 어떻게 기재되어 있는가?",abandoned,2,0.9,0,0,4346,1,0
f5c9c3ee,2aff5880,b2b4f3c5,What memory overhead does the mimalloc allocator requirement introduce for the free-threaded build according to CPython documentation or faster-cpython benchmarks?,abandoned,2,0.8,0,0,3947,0,0
f62e5130,e0014861,0a8e6076,pgvector 공식 GitHub 릴리스 노트(release notes)가 버전별 성능 벤치마크 수치나 방법론을 명시적으로 포함하는가?,open,2,0.6,0,0,2424,0,0
f7324315,673b596a,be990951,"해당 PDF의 'ULEZ compliance data' 섹션(25페이지 이후)에 central/inner/outer 구분이 실제로 존재하는지, 혹은 다른 지역 구분(예: 전체 London-wide만)을 사용하는지 확인 필요",open,4,0.7,0,0,1,0,0
f89457cb,673b596a,1dcf3ba1,"TfL의 London-wide ULEZ Six Month Report 본문에서 보고된 NOx 및 PM2.5 배출 감소 추정치와 NO2 농도 변화 수치는 무엇이며, 비교 기준(ULEZ 미확장 시나리오 대비인지 실측 전후 비교인지)은 무엇인가?",open,4,0.71999997,0,0,1,0,0
f9e64129,673b596a,f1e20840,London-wide ULEZ 1-year report PDF의 6페이지 'Key Findings' 섹션 본문에 기재된 구체적 준수율 수치는 무엇인가?,open,3,0.9,0.2,5023,923,0,0
fa249f7c,e0014861,9cfbdf6b,Elasticsearch kNN 검색에서 num_candidates 파라미터는 pre-filtering 정확도와 성능에 어떤 영향을 미치는가?,abandoned,2,0.7,0,0,3088,0,0
fab074e8,673b596a,f1e20840,"ULEZ compliance data 웹페이지의 96.7%, 97.4% 수치가 실제로 PDF 보고서 6페이지 또는 23-44페이지와 동일한 수치·출처인지 확인",open,3,0.5,0,0,923,0,0
fe8505be,7b56e756,9b4be98e,"2023년 런던 전역 ULEZ 확대에 대해 difference-in-differences, synthetic control, regression discontinuity 등 준실험 설계를 사용한 동료심사 또는 학술 연구가 존재하는가?",abandoned,2,0.95,0.5,7730,4657,0,0
