id,run_id,claim_id,source_url,excerpt,raw_ref,det_grade,agent_grade
01736c7a,7b56e756,6e34184e,https://airqualitynews.com/cars-freight-transport/no2-levels-in-outer-london-fell-4-4-after-ulez-expansion,"It has also been found that within 5 km of the Greater London boundary, roadside NO2 concentrations are an average of 9% lower than had there been no ULEZ in place.",f4be6487c78b4168,ok,SUPPORTS
01771690,26e9d25e,d3c4c57b,https://apps.who.int/food-additives-contaminants-jecfa-database/chemical.aspx?chemID=3983,based on the NOAEL of 2500 mg/kg bw per day and applying an uncertainty factor of 100,a65423015ab01413,ok,SUPPORTS
0197c555,9a86f307,dd782a5c,https://www.regulation-ai.eu/en/articles/article-113,"The Regulation entered into force on the twentieth day following its publication in the Official Journal of the European Union, which occurred on 12 July 2024, placing the entry-into-force date at 1 August 2024.",bb374050029798ab,E_UNSUPPORTED,
023340d0,9a86f307,c68e88ac,https://beam.ai/agentic-insights/eu-ai-act-enforcement-august-2-2026-gpai-fines,"The obligations on GPAI providers are not new. They applied from August 2, 2025.",86955e31fc6b97c6,ok,SUPPORTS
0233b17f,e0014861,9529ea04,https://duckduckgo.com/html?q=pgvector+Elasticsearch+benchmark+GitHub+recall+QPS+hardware,"Benchmarks were run with the GPU-accelerated embedding setup, so your results - especially for pgvector and Elasticsearch ingestion/embedding throughput - may differ on CPU-only or smaller hardware .",fc19ba447327e58d,ok,SUPPORTS
079826b1,673b596a,62b201cd,https://content.tfl.gov.uk/london-wide-ulez-one-year-report.pdf,Air pollution concentrations 59 Trend analysis 59 ULEZ impact analysis 69,db73dd5afa9325bb,ok,SUPPORTS
08914607,7b56e756,b63022f7,https://content.tfl.gov.uk/ulez-online-factsheet-jan-mar2025-draft2.pdf,ULEZ Compliance Rate 97.1% 97.1% 97.1%,24f50b1075c3802c,ok,SUPPORTS
0990e90f,7b56e756,59c92c30,https://highwaysmagazine.co.uk/innovation-and-strategy/ulez-expected-khan,"Levels in outer London are estimated to be 21% lower, levels in central London 53% lower and levels in inner London 24% lower.",38eb6a96f7baaee0,ok,SUPPORTS
0af00d89,7b56e756,1f744161,https://highwaysmagazine.co.uk/innovation-and-strategy/ulez-expected-khan,nitrogen oxide (NOx) emissions from cars are estimated to be 13% lower and 7% lower from vans than a scenario without the expansion,38eb6a96f7baaee0,ok,SUPPORTS
0bfb0d72,9a86f307,591aab04,https://www.jdsupra.com/legalnews/european-union-ai-act-published-in-the-6000826,"February 2, 2025 Chapters I and II will apply from this date (Article 113(a)).",372ad05eff79cb0a,ok,SUPPORTS
184845a4,9a86f307,de90ff3f,https://www.jdsupra.com/legalnews/european-union-ai-act-published-in-the-6000826,"While the AI Act will generally apply starting on August 2, 2026, the exact milestones are quite nuanced and complex, with some provisions applying as early as February 2, 2025.",372ad05eff79cb0a,E_UNSUPPORTED,
19946926,e0014861,6882b81e,https://rivestack.io/blog/hybrid-search-pgvector-postgres,"Hybrid search fixes this by combining vector similarity with traditional keyword matching. In PostgreSQL, you can do both in a single query, without any additional infrastructure.",833b62f0fa506921,ok,SUPPORTS
1d3cc40d,673b596a,ce0e554b,https://content.tfl.gov.uk/london-wide-ulez-one-year-report.pdf,Traffic around the London-wide ULEZ boundary 88,db73dd5afa9325bb,ok,SUPPORTS
1f3038e1,9a86f307,baa624dc,https://www.regulation-ai.eu/en/articles/article-113,"Chapter V (general-purpose AI models), Chapter VII (governance), Chapter XII (penalties), and certain other provisions apply twelve months after entry into force, from 2 August 2025.",bb374050029798ab,ok,SUPPORTS
1f885fcc,26e9d25e,066af359,https://www.iarc.who.int/wp-content/uploads/2023/07/Summary_of_findings_Aspartame.pdf,"In all three studies, a positive association was observed between consumption of artificially sweetened beverages and risk of liver cancer, either overall or in important subgroups of the studied populations, but chance, bias or confounding could not be ruled out as an explanation for the positive findings.",7b4c85e333aed203,ok,SUPPORTS
232d0810,26e9d25e,158e315d,https://monographs.iarc.who.int/iarc-monographs-volume-134,"Its health effects have been evaluated in 1981 by the Joint FAO/WHO Expert Committee on Food Additives (JECFA), a programme of risk assessment for chemicals and additives in food.",8582a0583e1b12d4,ok,SUPPORTS
250bb023,7b56e756,cb199f92,https://content.tfl.gov.uk/london-wide-ulez-one-year-report.pdf,Appendix 1 – Monthly average compliance rates 97,db73dd5afa9325bb,ok,SUPPORTS
25e3e003,673b596a,51417e09,https://content.tfl.gov.uk/london-wide-ulez-one-year-report.pdf,COPYRIGHT Greater London Authority March 2025 Published by Greater London Authority City Hall Kamal Chunchie Way London E16 1ZE www.london.gov.uk,db73dd5afa9325bb,ok,SUPPORTS
25e3eb6a,26e9d25e,2864469c,https://codeblue.galencentre.org/2023/07/who-maintains-aspartame-safe-for-moderate-consumption-review-finds-limited-cancer-link,"A separate WHO and Food and Agriculture Organization (FAO) committee, the Joint Expert Committee on Food Additives (JECFA), has also updated its risk assessment on aspartame, reaffirming the acceptable daily intake of 40 mg/kg body weight.",8c3125d1f6fa33a8,E_UNSUPPORTED,
26337f6a,2aff5880,e3619256,https://github.com/python/cpython/issues/115999,"We should start with a small PR to simply disable it in free-threaded builds, which will be correct but will incur a performance penalty.",d08deb12440697a3,E_UNSUPPORTED,
26f5ed61,e0014861,1563c0e6,https://www.datastudios.org/post/elasticsearch-hybrid-search-bm25-dense-vectors-rrf-and-reranking,"A reranking stage can then sit on top of the fused list, either using Elastic's own cross-encoder model or delegating to Cohere, Google Vertex AI, or a custom Hugging Face model through the Inference API.",5fa2311769e71987,ok,SUPPORTS
27cf59ab,26e9d25e,78a2fb01,https://pmc.ncbi.nlm.nih.gov/articles/PMC10446002,"JECFA also noted “reverse causality, chance, bias and confounding by socioeconomic or lifestyle factors, or consumption of other dietary components, could not be completely ruled out” in relevant epidemiology studies (JECFA/IARC, 2023).",915fe44d4a00bcf0,ok,SUPPORTS
2a506c94,7b56e756,62ed58bd,https://pmc.ncbi.nlm.nih.gov/articles/PMC12545172,"However, the ULEZ 2023 expansion showed no detectable impact on NO2.",f2bc5c72b667bdad,ok,SUPPORTS
2b4ffdd7,673b596a,1530519c,https://pmc.ncbi.nlm.nih.gov/articles/PMC12545172,"We found that the 2019 ULEZ led to 19.6% and 8.2% (~13.3 and 2.7 µg m−3) reductions in nitrogen dioxide (NO2) at traffic and urban background sites, respectively, in the three months after its implementation within central London, with positive spillover effects across Inner and Outer London.",f2bc5c72b667bdad,ok,SUPPORTS
2d7b2ea8,26e9d25e,66f9e247,https://www.iarc.who.int/wp-content/uploads/2023/07/Summary_of_findings_Aspartame.pdf,"The working group classified aspartame as possibly carcinogenic to humans (Group 2B) based on limited evidence for cancer in humans (for hepatocellular carcinoma, a type of liver cancer).",7b4c85e333aed203,ok,SUPPORTS
2e18ff6e,26e9d25e,91b94aa1,https://apps.who.int/food-additives-contaminants-jecfa-database/chemical.aspx?chemID=3983,The highest dietary exposure estimate of 24 mg/kg bw per day for the sum of sorbitan esters of fatty acids using reported use levels is below the temporary group ADI of 0–25 mg/kg bw,a65423015ab01413,ok,SUPPORTS
2e406c4e,7b56e756,2ada4727,https://pmc.ncbi.nlm.nih.gov/articles/PMC12545172,"Here, we employed a causal framework to quantify the effects of Ultra-LEZ (ULEZ, 2019, central London) and its city-wide expansion (2023) on air quality in London.",f2bc5c72b667bdad,ok,SUPPORTS
3083d18f,7b56e756,7ccda0c6,https://highwaysmagazine.co.uk/innovation-and-strategy/ulez-expected-khan,A report covering the first six months of the expansion suggests that pollutant emissions in 2023 with the London-wide ULEZ expansion in place are 'dramatically lower' than compared to a scenario without it.,38eb6a96f7baaee0,E_UNSUPPORTED,
3195f74f,26e9d25e,3f0f9bda,https://www.who.int/news/item/14-07-2023-aspartame-hazard-and-risk-assessment-results-released#content,JECFA reaffirmed the acceptable daily intake of 40 mg/kg body weight.,91c4d9485e9881c2,E_UNSUPPORTED,
3232d0de,7b56e756,cb199f92,https://content.tfl.gov.uk/london-wide-ulez-one-year-report.pdf,Appendix 6 – LEZ compliance 204,db73dd5afa9325bb,ok,SUPPORTS
329ef05d,673b596a,b6480863,https://www.london.gov.uk/media-centre/mayors-press-releases/new-evidence-reveals-all-londoners-are-now-breathing-cleaner-air-following-first-year-expanded-ultra,"The boroughs that have seen the biggest reductions in NOx emissions due to the ULEZ expansion are Sutton, Merton, Croydon, Harrow and Bromley, where harmful emissions are estimated to be around 15 per cent lower in 2024 than would be expected without the expansion to outer London, which covers a large area of around 1250km2.",f07579803ec200bf,ok,SUPPORTS
356e3444,e0014861,c28b3d1e,https://www.datastudios.org/post/elasticsearch-hybrid-search-bm25-dense-vectors-rrf-and-reranking,"a top-level retriever wraps sub-retrievers, Elasticsearch executes BM25 and kNN search in parallel, and a fusion stage merges their rankings with Reciprocal Rank Fusion (RRF) or a weighted linear combination",5fa2311769e71987,ok,SUPPORTS
35a863c1,26e9d25e,6af0d2c8,https://www.who.int/news/item/14-07-2023-aspartame-hazard-and-risk-assessment-results-released,"Citing “limited evidence” for carcinogenicity in humans, IARC classified aspartame as possibly carcinogenic to humans (IARC Group 2B)",91c4d9485e9881c2,E_UNSUPPORTED,
386f8093,9a86f307,6ae5913b,https://moasoftware.co.kr/ai-regulation-compliance-guide-2025,2025년 2월 2일부터 금지된 AI 관행과 AI 리터러시 의무가 먼저 시행됐습니다.,b4333aa4367e44e7,ok,SUPPORTS
388cf2c1,7b56e756,b91c13f2,https://www.london.gov.uk/sites/default/files/2024-07/London-wide%20ULEZ%20Six%20Month%20Report.pdf,"On 29 August 2023, the Mayor of London expanded the Ultra Low Emission Zone (ULEZ) across all London boroughs to help tackle air pollution in the capital and improve air quality for Londoners.",647bd555ecd75c68,ok,SUPPORTS
3926818a,2aff5880,cdda49a4,https://github.com/scikit-image/scikit-image/issues/7464,Corresponding tracker in NumPy: ENH: Support free-threaded python build (tracking issue) numpy/numpy#26157,4ec28314a3b4cdc2,E_UNSUPPORTED,
3bde0686,26e9d25e,651e261f,https://cdn.who.int/media/docs/default-source/food-safety/jecfa/jecfa-decision-tree-safety-evaluation-residues-veterinary-drugs.pdf?sfvrsn=501b6edf_6,3.5.1 Health Based Guidance Values 19 Acceptable Daily Intake 19 Acute Reference Dose (ARfD) 19 3.5.2 Pharmacological versus Toxicological Endpoints 20 3.5.3 Safety/Uncertainty factors 21 3.5.4 Adverse effect,1f90263dc78f968b,E_UNSUPPORTED,
3ce9e998,26e9d25e,cba35575,https://monographs.iarc.who.int/iarc-monographs-volume-134,"The IARC Monographs, a programme of cancer hazard identification conducted according to a published Preamble, has never evaluated aspartame.",8582a0583e1b12d4,E_OVERCLAIM,PARTIAL
4194e7a7,9a86f307,7a0c68ad,https://artificialintelligenceact.eu/enforcement-of-chapter-v-under-the-eu-ai-act,"While they have been subject to these obligations since 2 August 2025, the Commission’s supervision and enforcement powers against GPAI model providers will only come into force on 2 August 2026",88aa0160a6450808,E_UNSUPPORTED,
419f4db5,26e9d25e,7b6b1e16,https://www.who.int/news/item/14-07-2023-aspartame-hazard-and-risk-assessment-results-released,"Citing “limited evidence” for carcinogenicity in humans, IARC classified aspartame as possibly carcinogenic to humans (IARC Group 2B)",91c4d9485e9881c2,ok,SUPPORTS
425cc533,2aff5880,a64690bd,https://www.javacodegeeks.com/2026/06/python-3-13s-free-threaded-mode-what-no-gil-actually-means-for-your-code.html,"as of Python 3.13, that lock is officially optional. This is not a minor tweak hidden somewhere in the changelog. It is, in the words of the PEP 703 authors, “a fundamental reimagining of how Python handles concurrency.”",763f8dab19845d86,ok,SUPPORTS
42cf1c0e,2aff5880,5bdda506,https://github.com/python/pythondotorg/issues/2336,"Phase I: Experimental phase, which can start immediately, in which the free-threaded build is enabled through a build-time option. This should not be the default install anywhere. At least one major Python release should include this experimental free-threaded build, to allow third-party packages to test and do their own experimentation. In this stage we should make it clear the build is experimental, not supported for “production use”, and may be reverted.",f2ba8a0fbe47ce14,ok,SUPPORTS
43774438,2aff5880,583ac1d7,https://github.com/python/cpython/issues/135898,interned strings are always immortal,3c9cb380d3f6bfd6,E_UNSUPPORTED,
438284a3,9a86f307,024802f6,https://www.actuia.com/kr/tag/ai-act,2025년 8월 2일: 범용 AI 모델(GPAI) 공급자에 대한 특정 의무 적용 개시.,d9d7209987eb7f90,ok,SUPPORTS
445310a5,26e9d25e,3f0f9bda,https://iarc.who.int/featured-news/aspartame-hazard-and-risk-assessment-results-released?amp=&amp=&amp=,JECFA reaffirmed the acceptable daily intake of 40 mg/kg body weight.,99e117a88ac2136e,E_UNSUPPORTED,
44c4e331,2aff5880,a784e8a3,https://github.com/python/cpython/blob/main/Doc/howto/free-threading-python.rst?plain=,"Starting with the 3.13 release, CPython has support for a build of Python called :term:`free threading` where the :term:`global interpreter lock` (GIL) is disabled.",f81d43765002a163,ok,SUPPORTS
474ff97e,e0014861,54f82a11,https://www.elastic.co/search-labs/blog/weighted-reciprocal-rank-fusion-rrf,"Until now, Elasticsearch's Reciprocal Rank Fusion (RRF) treated all your retrievers as equals, but your search strategy shouldn't. That's where weighted RRF comes in.",9df79eba4abfc231,ok,SUPPORTS
476c8f5b,2aff5880,6f1de8fe,https://docs.python.org/3.13/howto/free-threading-python.html,The free-threaded mode is experimental and work is ongoing to improve it: expect some bugs and a substantial single-threaded performance hit.,0467497d50bd979c,E_UNSUPPORTED,
49a59e88,7b56e756,b930064b,https://pmc.ncbi.nlm.nih.gov/articles/PMC12545172,"However, the ULEZ 2023 expansion showed no detectable impact on NO2.",f2bc5c72b667bdad,ok,SUPPORTS
4d6f9db5,26e9d25e,3ef62562,https://iarc.who.int/featured-news/aspartame-hazard-and-risk-assessment-results-released?amp=&amp=&amp=,IARC classified aspartame as possibly carcinogenic to humans (IARC Group 2B) and JECFA reaffirmed the acceptable daily intake of 40 mg/kg body weight.,99e117a88ac2136e,ok,SUPPORTS
512f2c86,673b596a,ce0e554b,https://www.london.gov.uk/sites/default/files/2024-07/London-wide%20ULEZ%20Six%20Month%20Report.pdf,Traffic around the London-wide ULEZ boundary 66,647bd555ecd75c68,ok,SUPPORTS
51b03827,26e9d25e,d6e08199,https://www.who.int/news/item/14-07-2023-aspartame-hazard-and-risk-assessment-results-released,JECFA reaffirmed the acceptable daily intake of 40 mg/kg body weight.,91c4d9485e9881c2,E_UNSUPPORTED,
5603cbfd,e0014861,c53387a8,https://jkatz.github.io/post/postgres/hybrid-search-postgres-pgvector,"in the context of vector search, “hybrid search” is the act of combining an alternative searching method with a vector similarity search.",5bb1b3ee398a2c83,ok,SUPPORTS
577153a0,673b596a,437a565b,https://pmc.ncbi.nlm.nih.gov/articles/PMC12545172,"Furthermore, we found no significant benefits of ULEZ on fine particle (PM2.5) and PM2.5, and NO2 remained well above World Health Organization air quality guideline.",f2bc5c72b667bdad,ok,SUPPORTS
5b2cf53f,7b56e756,cb199f92,https://content.tfl.gov.uk/london-wide-ulez-one-year-report.pdf,Vehicle compliance 23 ULEZ compliance data 25,db73dd5afa9325bb,ok,SUPPORTS
5bff8381,673b596a,a4dbed3f,https://pmc.ncbi.nlm.nih.gov/articles/PMC12545172,"However, the ULEZ 2023 expansion showed no detectable impact on NO2.",f2bc5c72b667bdad,E_UNSUPPORTED,
5c4ad4c9,9a86f307,34e1fca5,https://artificialintelligenceact.eu/enforcement-of-chapter-v-under-the-eu-ai-act,the Commission’s supervision and enforcement powers against GPAI model providers will only come into force on 2 August 2026,88aa0160a6450808,ok,SUPPORTS
5c7a7103,26e9d25e,624e567a,https://codeblue.galencentre.org/2023/07/who-maintains-aspartame-safe-for-moderate-consumption-review-finds-limited-cancer-link,"The International Agency for Research on Cancer (IARC), the WHO’s cancer agency, recently reviewed all published evidence on aspartame’s potential carcinogenic effects and classified the sweetener as “possibly carcinogenic to humans”.",8c3125d1f6fa33a8,ok,SUPPORTS
5c7b54ab,e0014861,ec43e5d0,https://www.linkedin.com/posts/philippemnoel_paradedb-activity-7374504501791129600-tzep,Elasticsearch is an amazing product. Really. But it's not a transactional database.,5f9096ab63843793,ok,SUPPORTS
5cac29c0,e0014861,49e17da5,https://duckduckgo.com/html?q=pgvector+Elasticsearch+benchmark+GitHub+recall+QPS+hardware,"A lightweight, fast, flexible and easy-to-use benchmarking tool specifically designed for the performance evaluation and optimization of pgvector . pgvectorbench consists of five phases, each of which can be run independently or chained together to achieve a comprehensive benchmarking process:",fc19ba447327e58d,ok,
6056c0fd,673b596a,0a868d37,https://www.imperial.ac.uk/news/231894/london-pollution-improved-with-evidence-small,London’s ULEZ reduced the city’s nitrogen dioxide levels by a few per cent during the first few weeks of its implementation.,be4428e164677a3a,ok,SUPPORTS
66d60324,9a86f307,024802f6,https://pipc.go.kr/np/cop/bbs/selectBoardArticle.do?bbsId=BS105&mCode=D060010000&nttId=11399,"EU 집행위원회(European Commission, EC)는 2025년 8월 2일부터 시행되는 AI법 제5장*에 앞서",f4ee63cb27d96968,ok,SUPPORTS
69a37c74,26e9d25e,a1dfbf26,https://monographs.iarc.who.int/iarc-monographs-volume-134,"IARC will assess the potential carcinogenic effect of aspartame (hazard identification), while JECFA will update its risk assessment exercise, including the reviewing of the Acceptable Daily Intake and aspartame diet exposure assessment.",8582a0583e1b12d4,ok,SUPPORTS
6ae20f53,9a86f307,c68e88ac,https://artificialintelligenceact.eu/enforcement-of-chapter-v-under-the-eu-ai-act,"While they have been subject to these obligations since 2 August 2025, the Commission’s supervision and enforcement powers against GPAI model providers will only come into force on 2 August 2026",88aa0160a6450808,ok,SUPPORTS
6cb50cd3,673b596a,6212df1c,https://www.london.gov.uk/media-centre/mayors-press-releases/new-evidence-reveals-all-londoners-are-now-breathing-cleaner-air-following-first-year-expanded-ultra,"Alongside NO2 and PM2.5 reductions, NOx (Nitrogen Oxides) emissions from cars and vans are also estimated to be 14 per cent lower in outer London.",f07579803ec200bf,ok,SUPPORTS
750cfb23,2aff5880,656fcb1a,https://github.com/triton-lang/triton/issues/8491,"The warning can be suppressed with PYTHON_GIL=0 , but proper declaration is the correct solution",21a60b1a5263328d,ok,SUPPORTS
75ad8cd1,9a86f307,7a0c68ad,https://beam.ai/agentic-insights/eu-ai-act-enforcement-august-2-2026-gpai-fines,"The obligations on GPAI providers are not new. They applied from August 2, 2025. What changes 41 days from now is teeth.",86955e31fc6b97c6,E_UNSUPPORTED,
78f3bbb5,2aff5880,199069cc,https://github.com/triton-lang/triton/issues/8491,"RuntimeWarning: The global interpreter lock (GIL) has been enabled to load module 'triton._C.libtriton', which has not declared that it can run safely without the GIL.",21a60b1a5263328d,ok,SUPPORTS
8150643c,7b56e756,5414e58c,https://highwaysmagazine.co.uk/innovation-and-strategy/ulez-expected-khan,roadside NO2 concentrations in outer London have dropped by up to 4.4% compared to what would have been expected without the London-wide expansion of the scheme,38eb6a96f7baaee0,E_UNSUPPORTED,
84f0a645,7b56e756,1f744161,https://airqualitynews.com/cars-freight-transport/no2-levels-in-outer-london-fell-4-4-after-ulez-expansion,Nitrogen oxides (NOX) emissions from cars and vans in outer London are estimated to be 13% and 7% lower compared to a scenario without the ULEZ scenario.,f4be6487c78b4168,ok,SUPPORTS
853b59ab,26e9d25e,3ef62562,https://cdn.who.int/media/docs/default-source/nutrition-and-food-safety/jecfa-summary-of-findings-aspartame.pdf,"The working group classified aspartame as possibly carcinogenic to humans (Group 2B) based on limited evidence for cancer in humans (for hepatocellular carcinoma, a type of liver cancer).",459dc684c86c39ce,ok,SUPPORTS
855b2b49,2aff5880,1f11c877,https://archive.fosdem.org/2026/events/attachments/ABJMWD-the_gil_and_api_performance_past_present_and_free-threaded_future/slides/266979/the_gil_a_fw7etsx.pdf,3.14: 2.352 s ± 0.014 s 3.14t: 768.9 ms ± 11.7 ms ~3x speedup,cb7a0357463061e0,ok,SUPPORTS
8593264c,9a86f307,dd3e2349,https://www.lw.com/insights/2026/08/Deciphering-the-EU-AI-Act,"A specific regime applies to general- purpose AI (GPAI) models, with additional obligations imposed on providers of GPAI models with systemic risk.",93034519afe4bf92,ok,SUPPORTS
8b556f53,26e9d25e,5ff35f21,https://monographs.iarc.who.int/iarc-monographs-volume-134,"The two evaluations are complementary. IARC will assess the potential carcinogenic effect of aspartame (hazard identification), while JECFA will update its risk assessment exercise, including the reviewing of the Acceptable Daily Intake and aspartame diet exposure assessment.",8582a0583e1b12d4,ok,SUPPORTS
8b851d4b,26e9d25e,fd697ca3,https://www.who.int/news/item/14-07-2023-aspartame-hazard-and-risk-assessment-results-released,"The assessments of aspartame have indicated that, while safety is not a major concern at the doses which are commonly used, potential effects have been described that need to be investigated by more and better studies.",91c4d9485e9881c2,ok,SUPPORTS
8cba70d9,26e9d25e,3ef62562,https://www.who.int/news/item/14-07-2023-aspartame-hazard-and-risk-assessment-results-released#content,"IARC classified aspartame as possibly carcinogenic to humans (Group 2B) on the basis of limited evidence for cancer in humans (specifically, for hepatocellular carcinoma, which is a type of liver cancer).",91c4d9485e9881c2,ok,SUPPORTS
8eb1345d,2aff5880,8de89f62,https://docs.python.org/3.13/howto/free-threading-python.html,The free-threaded mode is experimental and work is ongoing to improve it: expect some bugs and a substantial single-threaded performance hit.,0467497d50bd979c,ok,SUPPORTS
9182627b,2aff5880,1507c0e6,https://github.com/python/peps/blob/main/peps/pep-0803.rst,"The Stable ABI is currently not available for free-threaded builds. Extensions will fail to build for the Stable ABI on free-threaded Python (that is, when both :c:macro:`Py_LIMITED_API` and :c:macro:`Py_GIL_DISABLED` preprocessor macros are defined).",859e650c0f3f808f,ok,SUPPORTS
93f288d2,7b56e756,4dfe4596,https://pmc.ncbi.nlm.nih.gov/articles/PMC12545172,"However, it is challenging to evaluate the effectiveness of such policies, with different methods resulting in several times in discrepancies.",f2bc5c72b667bdad,ok,SUPPORTS
942683e2,e0014861,9f6f1908,https://markaicode.com/benchmarks/weaviate-vs-pgvector-performance,"Specific QPS/latency/memory figures (2,350 QPS, 8.7 GB, etc.) | Unverifiable, internally inconsistent | Removed; replaced with a methodology to generate your own numbers",43bb069bb463ce3f,ok,
95ac96e9,e0014861,61ea7d79,https://duckduckgo.com/html?q=pgvector+Elasticsearch+benchmark+GitHub+recall+QPS+hardware,pgvector - ANN-Benchmarks ann-benchmarks.com/pgvector.html Recall /Percentile 95 (millis) Recall /Percentile 99 (millis) Recall /Percentile 99.9 (millis),fc19ba447327e58d,ok,
96593397,9a86f307,34e1fca5,https://beam.ai/agentic-insights/eu-ai-act-enforcement-august-2-2026-gpai-fines,"That is the date the European Commission's enforcement and penalty powers over providers of general-purpose AI (GPAI) models become applicable, including fines of up to 3% of global annual turnover or €15 million, whichever is higher, under Article 101 of the AI Act.",86955e31fc6b97c6,ok,SUPPORTS
97e64bf7,2aff5880,cec8f2ea,https://www.birjob.com/blog/python-free-threaded-gil-dead-production-ready,"In October 2025, Python 3.14 shipped with a free-threaded build that is no longer experimental. The Python Steering Council accepted PEP 779, officially moving free-threaded Python from ""experimental"" to ""supported.""",4bd1bd2a6cf5dc14,ok,SUPPORTS
9a0ffb5c,673b596a,36de4cc8,https://pmc.ncbi.nlm.nih.gov/articles/PMC12545172,"Furthermore, we found no significant benefits of ULEZ on fine particle (PM2.5) and PM2.5, and NO2 remained well above World Health Organization air quality guideline.",f2bc5c72b667bdad,ok,SUPPORTS
9cffc677,26e9d25e,2f952cc0,https://www.who.int/news/item/14-07-2023-aspartame-hazard-and-risk-assessment-results-released#content,"“The assessments of aspartame have indicated that, while safety is not a major concern at the doses which are commonly used, potential effects have been described that need to be investigated by more and better studies.”",91c4d9485e9881c2,ok,SUPPORTS
9e244087,673b596a,1c509ead,https://content.tfl.gov.uk/london-wide-ulez-one-year-report.pdf,Context and Key Findings 5 Key Findings 6 What to expect in this report 10,db73dd5afa9325bb,ok,SUPPORTS
a05783ee,2aff5880,ef25e153,https://github.com/triton-lang/triton/issues/8491,"The C extension should declare its GIL compatibility status using the Py_mod_gil slot in the module definition, as described in PEP 703.",21a60b1a5263328d,ok,SUPPORTS
a0dfd8e3,673b596a,de37ace0,https://pmc.ncbi.nlm.nih.gov/articles/PMC12545172,"Furthermore, we found no significant benefits of ULEZ on fine particle (PM2.5) and PM2.5, and NO2 remained well above World Health Organization air quality guideline.",f2bc5c72b667bdad,ok,SUPPORTS
a40aebac,673b596a,98fbfd00,https://pmc.ncbi.nlm.nih.gov/articles/PMC12545172,"Here, we employed a causal framework to quantify the effects of Ultra-LEZ (ULEZ, 2019, central London) and its city-wide expansion (2023) on air quality in London.",f2bc5c72b667bdad,ok,SUPPORTS
a508530f,9a86f307,dd782a5c,https://www.jdsupra.com/legalnews/european-union-ai-act-published-in-the-6000826,"August 1, 2024 Entry into force of the AI Act (Article 113).",372ad05eff79cb0a,E_UNSUPPORTED,
a6d4e726,2aff5880,3cb94561,https://pydevtools.com/handbook/explanation/what-is-pep-703,"Because removing the lock changes the Python object header (to support biased reference counting), the free-threaded build is not ABI-compatible with the standard build. C extensions must be rebuilt, and wheels are published under a separate ABI tag carrying a t suffix.",6e7fca9c710fb305,ok,SUPPORTS
aade2efd,9a86f307,de90ff3f,https://www.regulation-ai.eu/en/articles/article-113,"The Regulation applies in full from 2 August 2026, which is two years after the entry-into-force date.",bb374050029798ab,E_UNSUPPORTED,
b09df215,26e9d25e,6af0d2c8,https://www.iarc.who.int/wp-content/uploads/2023/07/Summary_of_findings_Aspartame.pdf,"In all three studies, a positive association was observed between consumption of artificially sweetened beverages and risk of liver cancer, either overall or in important subgroups of the studied populations, but chance, bias or confounding could not be ruled out as an explanation for the positive findings.",7b4c85e333aed203,E_UNSUPPORTED,
b0c9c44f,e0014861,64c3f984,https://tacnode.io/post/full-text-search-postgresql-complete-guide,"It tokenizes text into tsvector lexemes, matches against tsquery expressions using an inverted GIN index, and ranks results by relevance — all inside your database.",1decb171dd35cee4,ok,SUPPORTS
b187f491,7b56e756,5414e58c,https://airqualitynews.com/cars-freight-transport/no2-levels-in-outer-london-fell-4-4-after-ulez-expansion,Roadside nitrogen dioxide (NO2) concentrations in outer London were up to 4.4% lower than would have been expected without the expansion.,f4be6487c78b4168,E_UNSUPPORTED,
b90099d8,26e9d25e,929fa8e9,https://pmc.ncbi.nlm.nih.gov/articles/PMC10446002,"JECFA reaffirmed the safety of aspartame, stating that epidemiology evidence is “not convincing,” and that there are no consistent associations between aspartame and cancer (JECFA/IARC, 2023; JECFA, 2023).",915fe44d4a00bcf0,ok,SUPPORTS
c139fc3b,7b56e756,1ab37679,https://highwaysmagazine.co.uk/innovation-and-strategy/ulez-expected-khan,PM2.5 exhaust emissions from cars in outer London are estimated to be 22% lower (6% more than expected),38eb6a96f7baaee0,ok,SUPPORTS
c503ebd8,673b596a,44117e49,https://tfl.gov.uk/modes/driving/ultra-low-emission-zone/ulez-compliance-data,"The data for outer London (in September 2024) shows that across London, 96.7% of vehicles subject to the ULEZ seen driving in the expanded area on an average day now comply with ULEZ emissions standards.",825beeafbe180762,ok,SUPPORTS
ca162e9c,26e9d25e,2e6cba62,https://www.iarc.who.int/wp-content/uploads/2023/07/Summary_of_findings_Aspartame.pdf,"There was an increased incidence of tumours in two species, mouse and rat, of both sexes seen in three published studies. However, based on concerns over the study design, interpretation and reporting of data, the working g",7b4c85e333aed203,ok,SUPPORTS
cb2e626f,2aff5880,622322e1,https://pydevtools.com/handbook/explanation/what-is-pep-703,"C extensions must be rebuilt, and wheels are published under a separate ABI tag carrying a t suffix.",6e7fca9c710fb305,E_UNSUPPORTED,
cba7e307,7b56e756,8a2ea8eb,https://airqualitynews.com/cars-freight-transport/no2-levels-in-outer-london-fell-4-4-after-ulez-expansion,PM2.5 exhaust emissions from cars and vans in outer London are estimated to be 20% lower than without the expansion,f4be6487c78b4168,E_UNSUPPORTED,
cc052210,9a86f307,036d5789,https://beam.ai/agentic-insights/eu-ai-act-enforcement-august-2-2026-gpai-fines,"August 2, 2027 — GPAI models placed on the market before August 2, 2025 must be brought into compliance.",86955e31fc6b97c6,ok,SUPPORTS
d48190b4,673b596a,067e00fd,https://pmc.ncbi.nlm.nih.gov/articles/PMC12545172,"We found that the 2019 ULEZ led to 19.6% and 8.2% (~13.3 and 2.7 µg m−3) reductions in nitrogen dioxide (NO2) at traffic and urban background sites, respectively, in the three months after its implementation within central London, with positive spillover effects across Inner and Outer London.",f2bc5c72b667bdad,ok,SUPPORTS
d49ec634,26e9d25e,6f58fd1f,https://www.iarc.who.int/wp-content/uploads/2023/07/Summary_of_findings_Aspartame.pdf,"There was also limited evidence for cancer in experimental animals. There was an increased incidence of tumours in two species, mouse and rat, of both sexes seen in three published studies.",7b4c85e333aed203,ok,SUPPORTS
d68341a6,9a86f307,591aab04,https://www.regulation-ai.eu/en/articles/article-113,"Chapter I (general provisions) and Chapter II (prohibited AI practices) became applicable six months after entry into force, on 2 February 2025.",bb374050029798ab,ok,SUPPORTS
d8e47961,2aff5880,9995a314,https://github.com/python/cpython/issues/135898,"non-GC objects have a larger object header (e.g. on a 64-bit platform, None is 32 bytes vs 16 bytes).",3c9cb380d3f6bfd6,E_UNSUPPORTED,
d9350628,9a86f307,74179b64,https://digital-strategy.ec.europa.eu/en/faqs/ai-literacy-questions-answers,Article 4(1) of the AI Act requires providers and deployers of AI systems to take measures to support the development of AI literacy of their staff and other persons dealing with the operation and use of AI systems on their behalf.,dfea0c2ba8c12496,E_UNSUPPORTED,
da81f842,673b596a,aa4de42d,https://pmc.ncbi.nlm.nih.gov/articles/PMC12545172,"However, the ULEZ 2023 expansion showed no detectable impact on NO2.",f2bc5c72b667bdad,ok,SUPPORTS
dfd07e20,673b596a,45ce53b9,https://pmc.ncbi.nlm.nih.gov/articles/PMC12545172,"However, the ULEZ 2023 expansion showed no detectable impact on NO2.",f2bc5c72b667bdad,E_UNSUPPORTED,
ea7b5730,673b596a,ab0afbfb,https://pmc.ncbi.nlm.nih.gov/articles/PMC12545172,"We found that the 2019 ULEZ led to 19.6% and 8.2% (~13.3 and 2.7 µg m−3) reductions in nitrogen dioxide (NO2) at traffic and urban background sites, respectively, in the three months after its implementation within central London, with positive spillover effects across Inner and Outer London.",f2bc5c72b667bdad,ok,SUPPORTS
eaa0289c,673b596a,3aadae9e,https://www.london.gov.uk/media-centre/mayors-press-releases/new-evidence-reveals-all-londoners-are-now-breathing-cleaner-air-following-first-year-expanded-ultra,"Thanks to all phases of the ULEZ, NOx emissions from road transport are estimated to be 36 per cent lower across London in 2024, a saving of around 3400 tonnes - the equivalent of approximately one year of emissions from",f07579803ec200bf,ok,SUPPORTS
ec8bae6e,673b596a,b23c3b8c,https://pmc.ncbi.nlm.nih.gov/articles/PMC12545172,"However, the ULEZ 2023 expansion showed no detectable impact on NO2.",f2bc5c72b667bdad,ok,SUPPORTS
eda0e1b1,673b596a,5a225f9c,https://content.tfl.gov.uk/london-wide-ulez-one-year-report.pdf,LONDON-WIDE ULTRA LOW EMISSION ZONE – ONE YEAR REPORT LONDON-WIDE ULTRA LOW EMISSION ZONE – ONE YEAR REPORT March 2025,db73dd5afa9325bb,ok,SUPPORTS
f1abb84e,9a86f307,6ae5913b,https://www.actuia.com/kr/tag/ai-act,2025년 2월 2일: 금지 조항(제5조)과 AI 리터러시 의무(제4조) 적용 시작.,d9d7209987eb7f90,ok,SUPPORTS
fc058e57,7b56e756,59c92c30,https://airqualitynews.com/cars-freight-transport/no2-levels-in-outer-london-fell-4-4-after-ulez-expansion,"Without any sort of ULEZ in place, roadside NO2 concentrations would be: - 21% higher in outer London - 24% higher in inner London - 53% higher in central London",f4be6487c78b4168,ok,SUPPORTS
