id,run_id,question_id,text,hash,status,confidence,kind,computation
0129ce5c,e9f036a4,e6f03bc2,"Elastic's commercial subscriptions for Elasticsearch are structured in tiers named Standard, Gold, and Platinum, with a fourth Enterprise tier for the largest deployments, applying to both self-managed deployments and Elastic Cloud.",e1faeb2bc7f9f6a5,verified,0.6,quote,
0367cb2c,e9f036a4,b242853b,"pgvector supports HNSW and IVFFlat index types for vector similarity search across L2, cosine, and inner-product distance metrics.",328176493e09b672,verified,0.6,quote,
15661ba7,4d38bcff,a497b0c8,EU 집행위원회의 GPAI 모델 제공자에 대한 실제 조사 및 행정 과징금 부과 권한은 2026년 8월 2일부터 본격 시행되었다.,2f953e3e7955e95a,verified,0.95,quote,
2007770b,d925ef33,45058c4c,"WHO EHC 240 Chapter 5(2020년 개정판)의 구조상, 출발점(POD)은 NOAEL/LOAEL 접근법 또는 BMDL 접근법을 통해 도출되며, 그 다음 단계로 건강기반 가이던스 값(HBGV) 수립이 이어진다.",211e6cc4eafd7375,verified,0.6,quote,
219183b2,d925ef33,f4c1d663,JECFA reaffirmed the acceptable daily intake of aspartame at 40 mg/kg body weight following its review.,2f7b1f4215a14495,verified,0.6,quote,
21ddd8a2,4d38bcff,da146c21,"EU 집행위원회 공식 자료에 따르면, 시스템적 위험(systemic risk)이 있는 GPAI 모델 제공자에게 추가로 요구되는 의무는 집행위원회 통지, 위험 평가 및 완화, 사고 보고, 사이버보안 보호이다.",123a0fa31313d481,verified,0.6,quote,
24538bb9,4d38bcff,8c3db3f0,EU AI법(Regulation (EU) 2024/1689)의 범용 AI(GPAI) 모델 제공자 의무를 규정한 Chapter V 조항은 2025년 8월 2일부터 적용(entry into application)된다.,afd7fd7277b52eef,verified,0.8,quote,
2a0c8bcd,d925ef33,79ecc7ae,"IARC(WHO 산하 국제암연구소)는 아스파탐을 'Group 2B(인체 발암 가능물질, possibly carcinogenic to humans)'로 분류했다.",ec00a7a4c7ada72e,verified,0.8,quote,
2a452902,e9f036a4,e6f03bc2,Elastic added the GNU AGPLv3 license as an option alongside the existing Elastic License v2 in August 2024.,f2307ad33ae99aad,verified,0.95,quote,
2e8e4a4e,e9f036a4,598030b5,"Pairing PostgreSQL as the system of record with Elasticsearch as a purpose-built search engine requires keeping the two systems in sync, which is described as the hard part of the architecture.",95874265f2790c76,verified,0.6,quote,
35a1cdf8,e9f036a4,b242853b,"PostgreSQL provides native full-text search built on tsvector, tsquery, websearch_to_tsquery, GIN indexes, ts_rank, and ts_rank_cd without requiring extensions.",d70e0f447c51e9d4,verified,0.6,quote,
39104c8a,d925ef33,4ead76dd,"IARC Monographs Volume 134의 평가 결과는 The Lancet Oncology를 통해 온라인 공개되었고, JECFA의 평가 결과는 이와 동시에 WHO 웹사이트에 게재되었다.",b5b1c353d831e52e,verified,0.6,quote,
39500862,e9f036a4,4810d3a4,Elasticsearch functions as a vector database by storing embeddings in dense_vector or sparse_vector fields and querying them for similarity.,e3fec8925d50ae71,verified,0.6,quote,
3fbc8aac,e9f036a4,b242853b,"A hybrid search approach combines pgvector-based vector search with BM25-style full-text search within a single SQL query, fused via Reciprocal Rank Fusion (RRF).",85ad5ecacb3b01b2,rejected,0.6,quote,
5013cff6,d925ef33,2d6a0860,"아스파탐의 '발암 가능 물질(Group 2B)' 분류는 IARC의 결론이며, JECFA는 기존 1일섭취허용량(ADI) 40mg/kg 체중을 재확인했다.",637a8d8bd764c5cb,verified,0.6,quote,
507e8b93,4d38bcff,da146c21,"KISDI 보고서에 따르면, EU AI법 제53조 및 제55조가 규정한 범용 AI 모델 제공자의 의무는 2025년 8월 2일에 발효된다.",d4159f5ee6c2ab53,rejected,0.6,quote,
58877353,d925ef33,79ecc7ae,"IARC는 아스파탐을 Group 2B로 분류한 근거로 인체 발암 증거의 '제한적(limited)' 수준, 실험동물 발암 증거의 '제한적' 수준, 기전적 증거의 '제한적' 수준을 들었다.",fe11cc267f3696b1,verified,0.6,quote,
5def659a,e9f036a4,5f66d828,OpenSearch's ef_search parameter controls the size of the HNSW dynamic candidate list at query time and is the direct analogue of Elasticsearch's num_candidates.,6ce180abc945b006,verified,0.6,quote,
5e64217d,d925ef33,1c63ad85,IARC Monographs Programme에서 사용하는 방법론은 암 연구 및 공중보건 전문가로 구성된 자문그룹(Advisory Group)이 작성한 Preamble에 문서화되어 있다.,bd0a831a298003aa,verified,0.6,quote,
658445e6,d925ef33,79ecc7ae,아스파탐의 인체 발암 증거는 구체적으로 간세포암종(hepatocellular carcinoma)에 대한 것이었다.,426ea2f24dc458e3,verified,0.8,quote,
6970cd98,4d38bcff,1f22ba09,유럽집행위원회의 가이드라인은 오픈소스 AI 모델 제공자가 어떤 조건에서 특정 의무로부터 면제되는지를 명확히 한다.,2eb0f30b73235283,verified,0.6,quote,
6a36cd25,d925ef33,79ecc7ae,"IARC 평가에 따르면 실험동물 연구 3건에서 마우스와 쥐 두 종, 양쪽 성별 모두에서 종양 발생률 증가가 관찰되었으나, 연구 설계·해석·보고상의 우려가 있었다.",28a4c28646b9e54c,verified,0.6,quote,
74e58ec6,d925ef33,79ecc7ae,"IARC 평가에 따르면 인공감미료 음료 섭취에 관한 3건의 인체 연구에서 간암 위험과의 양성 연관성이 관찰되었으나, 우연·편향·교란 변수를 배제할 수 없었다.",ae447a2c5f4205fe,verified,0.6,quote,
7892277c,4d38bcff,da146c21,"EU 집행위원회 공식 자료에 따르면, GPAI 모델 제공자에 대한 (시스템적 위험 모델 제공자를 포함한) AI법상 의무는 2025년 8월 2일부터 적용된다.",a945564c9029afe5,rejected,0.6,quote,
7ead6c3f,d925ef33,1c63ad85,"IARC Monographs Programme은 발암 '위해(hazard)'를 평가하며, IARC는 해당 프로그램에서 식별된 발암물질에 대해 권고나 위해성평가(risk assessment)를 수행하지 않는다고 명시한다.",751176bcb0f086c6,unverified,0.6,quote,
8fe10706,d925ef33,84435216,"JECFA는 성인의 평균 아스파탐 섭취량 추정치가 1일 5 mg/kg 체중, 고섭취군은 1일 12 mg/kg 체중까지로 평가했으며 이는 ADI를 초과하지 않는다고 판단했다.",103fcde75ae0f00c,verified,0.6,quote,
92155d7e,e9f036a4,598030b5,"In a dual-write architecture syncing PostgreSQL to Elasticsearch, if the Elasticsearch write fails after the PostgreSQL write succeeds, the two systems become inconsistent because no transaction spans both systems.",bee4f00e84030569,verified,0.6,quote,
9587eaae,d925ef33,f4c1d663,The aspartame evaluation was the third time JECFA had evaluated aspartame.,0a722be85ed2f51c,verified,0.6,quote,
97af9b8f,4d38bcff,a497b0c8,GPAI 모델 제공자에 대한 집행위원회의 과징금 부과·공통표준 강제·모델 평가 요구 등 집행 조치 권한은 2026년 8월 2일부터 비로소 적용되었다.,55f9b5386df62ba5,verified,0.95,quote,
9f9b8f64,d925ef33,11d1cd00,"JECFA(제96차 회의)는 경구 노출된 아스파탐이 인체 및 동물의 위장관에서 페닐알라닌, 아스파트산, 메탄올의 세 가지 대사산물로 완전 가수분해된다는 점에 근거해 식이노출 후 전신노출(systemic exposure)이 없다고 재확인하였다.",040e636d1ffc9f23,rejected,0.6,quote,
a2ad54ae,d925ef33,1c63ad85,"IARC Monographs는 위해성평가(risk assessment)가 아니며, 발암 위해 식별(hazard identification)은 WHO나 각국 보건당국이 수행하는 위해성평가 과정의 첫 단계인 경우가 많다.",e724119e72a5825b,verified,0.6,quote,
a46e797c,e9f036a4,598030b5,"PostgreSQL full-text search operates inside a transactional relational database using GIN indexes, whereas Elasticsearch is a distributed search and analytics engine built on Lucene with near-real-time indexing.",fa8f820e94badbbe,verified,0.6,quote,
abc6871a,d925ef33,45058c4c,"WHO EHC 240 Chapter 5(2020년 개정판)에 따르면 BMD(벤치마크 용량) 접근법에 의한 용량-반응 모델링(DRM)의 핵심 단계는 (a) 모델링을 위한 자료 적합성 검토, (b) BMR(벤치마크 반응) 선정, (c) 모델 선택, (d) 모델 가정·적합화 및 모수 추정, (e) 모델 불확실성 및 모델 평균화, (f) 모델 모수 제약, (g) DRM 평가, (h) BMD 모델링 결과 보고의 8개 단계로 구성된다.",80a396195022c78b,verified,0.6,quote,
b179c0c2,e9f036a4,5f66d828,"Elasticsearch's num_candidates parameter determines how many candidates each shard explores before returning its top k results; higher values improve recall at the cost of more work, and the value must be at least k.",94f6106efadce4e8,verified,0.6,quote,
d4866e81,d925ef33,84435216,2023년 JECFA 평가에서 아스파탐의 1일 섭취허용량(ADI)은 기존과 동일하게 0–40 mg/kg 체중으로 재확인되었다.,d0b38450b83822c2,verified,0.8,quote,
d627d844,4d38bcff,8c3db3f0,"EU AI법 위반 시 부과되는 행정 벌금(최대 1,500만 유로 또는 전세계 연매출 3%)은 2026년 8월 2일부터 부과될 수 있다.",e46b80ff3d36e822,verified,0.6,quote,
dba4f82c,e9f036a4,4810d3a4,"Elasticsearch can combine vector search with full-text search, structured filters, aggregations, and hybrid retrieval within a single engine.",d75b7636a582cfa4,verified,0.6,quote,
e091ba7f,d925ef33,84435216,"아스파탐 평가에서 현재 일반적으로 사용되는 용량에서는 안전성이 주요 우려 사항은 아니지만, 보다 많고 질 좋은 연구로 조사되어야 할 잠재적 영향이 확인되었다고 밝혀졌다.",4afb0647cafa7a82,verified,0.6,quote,
e5e4ca8c,e9f036a4,5f66d828,"In Elasticsearch/OpenSearch vector search, num_candidates/ef_search is applied per shard, so a value of 2,000 on a 5-shard index results in roughly 10,000 graph traversals per query before merging results on the coordinating node, meaning doubling shard count doubles the work for the same recall target.",83f95802ef8bf029,verified,0.6,quote,
e671b13e,e9f036a4,4810d3a4,The semantic_text field type reached general availability (GA) in Elasticsearch 8.18.,d5cef61cbc1ed5b8,verified,0.6,quote,
ebcc3abf,d925ef33,4ead76dd,"IARC가 공개한 Volume 134 관련 안내 페이지에 따르면, IARC는 아스파탐의 잠재적 발암 영향에 대한 위해 식별(hazard identification)을 수행하고, JECFA는 1일 섭취 허용량 재검토를 포함한 위해성 평가(risk assessment)를 갱신하는 것으로 두 평가의 역할이 구분되어 있다.",983f69c1fb74dba1,verified,0.6,quote,
f243dccd,d925ef33,11d1cd00,JECFA(제96차 회의)는 아스파탐 섭취와 관련하여 동물 실험 또는 인체 데이터에서 부작용(adverse effects)이 있다는 확실한 근거(convincing evidence)가 없다고 결론 내렸다.,87bc57d5e200e5aa,verified,0.6,quote,
f2a030d0,4d38bcff,1f22ba09,"유럽집행위원회에 따르면, EU AI Act상 범용 AI(GPAI) 모델 제공자에 대한 의무는 2025년 8월 2일부로 적용되기 시작했다.",ca8df025dbaa8795,rejected,0.6,quote,
