id,run_id,claim_id,code,detail,salvage,attempt,resolved
998,d697f402,13918deb,E_UNSUPPORTED,jev_uncertain_mandatory,,1,0
999,d697f402,25a1c63a,E_UNSUPPORTED,jev_uncertain_mandatory,,1,0
1000,7f490d9b,a1d226b3,E_UNSUPPORTED,jev_uncertain_mandatory,,1,0
1001,7f490d9b,f90e4618,E_UNSUPPORTED,jev_uncertain_mandatory,,1,0
1002,9956ed74,0b1886b3,E_UNSUPPORTED,jev_uncertain_mandatory,,1,0
1003,9956ed74,4056226a,E_UNSUPPORTED,jev_uncertain_mandatory,,1,0
1004,4dfabe5f,83521176,E_UNSUPPORTED,jev_uncertain_mandatory,,1,0
1005,4dfabe5f,22426dee,E_UNSUPPORTED,jev_uncertain_mandatory,,1,0
1006,196c9173,9bc94f9f,E_UNSUPPORTED,jev_uncertain_mandatory,,1,0
1007,196c9173,d45f8ad2,E_UNSUPPORTED,jev_uncertain_mandatory,,1,0
1008,196c9173,b4d4c440,E_UNSUPPORTED,jev_uncertain_mandatory,,1,0
1009,196c9173,6bc526a9,E_UNSUPPORTED,jev_uncertain_mandatory,,1,0
1010,196c9173,254d76d2,E_UNSUPPORTED,jev_uncertain_mandatory,,1,0
1011,196c9173,a6cb1623,E_UNSUPPORTED,jev_uncertain_mandatory,,1,0
1012,196c9173,d4e8eebd,E_UNSUPPORTED,jev_uncertain_mandatory,,1,0
1013,196c9173,6eff0612,E_UNSUPPORTED,jev_uncertain_mandatory,,1,0
1014,196c9173,6ac1b7f6,E_UNSUPPORTED,jev_uncertain_mandatory,,1,0
1015,196c9173,6a5665aa,E_UNSUPPORTED,jev_uncertain_mandatory,,1,0
